SET session_replication_role = replica;

--
-- PostgreSQL database dump
--

-- Dumped from database version 15.1 (Ubuntu 15.1-1.pgdg20.04+1)
-- Dumped by pg_dump version 15.6 (Ubuntu 15.6-1.pgdg20.04+1)

SET statement_timeout = 0;
SET lock_timeout = 0;
SET idle_in_transaction_session_timeout = 0;
SET client_encoding = 'UTF8';
SET standard_conforming_strings = on;
SELECT pg_catalog.set_config('search_path', '', false);
SET check_function_bodies = false;
SET xmloption = content;
SET client_min_messages = warning;
SET row_security = off;

--
-- Data for Name: audit_log_entries; Type: TABLE DATA; Schema: auth; Owner: supabase_auth_admin
--

INSERT INTO "auth"."audit_log_entries" ("instance_id", "id", "payload", "created_at", "ip_address") VALUES
	('00000000-0000-0000-0000-000000000000', 'e1d86ced-52b4-4a6d-a567-9518cd2f16ce', '{"action":"user_confirmation_requested","actor_id":"b5ea9fbe-d7e0-419b-ba96-2901e572a816","actor_username":"dmdn@dmn.com","actor_via_sso":false,"log_type":"user","traits":{"provider":"email"}}', '2024-03-22 12:39:22.726705+00', ''),
	('00000000-0000-0000-0000-000000000000', '747607eb-ec2c-40d2-94fd-9e5a18d791a4', '{"action":"user_confirmation_requested","actor_id":"e6bc2c04-607d-4b39-9ee3-dad6433adcef","actor_username":"dsmdn@dmnff.com","actor_via_sso":false,"log_type":"user","traits":{"provider":"email"}}', '2024-03-26 08:10:35.161673+00', ''),
	('00000000-0000-0000-0000-000000000000', '520597e1-eebb-4a1b-90ca-eca055ed7083', '{"action":"user_deleted","actor_id":"00000000-0000-0000-0000-000000000000","actor_username":"service_role","actor_via_sso":false,"log_type":"team","traits":{"user_email":"dsmdn@dmnff.com","user_id":"e6bc2c04-607d-4b39-9ee3-dad6433adcef","user_phone":""}}', '2024-05-10 02:55:46.965233+00', ''),
	('00000000-0000-0000-0000-000000000000', '95239b48-0f57-4237-a4fb-2eabb150b630', '{"action":"user_deleted","actor_id":"00000000-0000-0000-0000-000000000000","actor_username":"service_role","actor_via_sso":false,"log_type":"team","traits":{"user_email":"dmdn@dmn.com","user_id":"b5ea9fbe-d7e0-419b-ba96-2901e572a816","user_phone":""}}', '2024-05-10 02:55:50.043558+00', '');


--
-- Data for Name: flow_state; Type: TABLE DATA; Schema: auth; Owner: supabase_auth_admin
--



--
-- Data for Name: users; Type: TABLE DATA; Schema: auth; Owner: supabase_auth_admin
--



--
-- Data for Name: identities; Type: TABLE DATA; Schema: auth; Owner: supabase_auth_admin
--



--
-- Data for Name: instances; Type: TABLE DATA; Schema: auth; Owner: supabase_auth_admin
--



--
-- Data for Name: sessions; Type: TABLE DATA; Schema: auth; Owner: supabase_auth_admin
--



--
-- Data for Name: mfa_amr_claims; Type: TABLE DATA; Schema: auth; Owner: supabase_auth_admin
--



--
-- Data for Name: mfa_factors; Type: TABLE DATA; Schema: auth; Owner: supabase_auth_admin
--



--
-- Data for Name: mfa_challenges; Type: TABLE DATA; Schema: auth; Owner: supabase_auth_admin
--



--
-- Data for Name: refresh_tokens; Type: TABLE DATA; Schema: auth; Owner: supabase_auth_admin
--



--
-- Data for Name: sso_providers; Type: TABLE DATA; Schema: auth; Owner: supabase_auth_admin
--



--
-- Data for Name: saml_providers; Type: TABLE DATA; Schema: auth; Owner: supabase_auth_admin
--



--
-- Data for Name: saml_relay_states; Type: TABLE DATA; Schema: auth; Owner: supabase_auth_admin
--



--
-- Data for Name: sso_domains; Type: TABLE DATA; Schema: auth; Owner: supabase_auth_admin
--



--
-- Data for Name: key; Type: TABLE DATA; Schema: pgsodium; Owner: supabase_admin
--



--
-- Data for Name: teachers; Type: TABLE DATA; Schema: public; Owner: postgres
--

INSERT INTO "public"."teachers" ("id", "email", "passwordHash", "name", "createdAt", "updatedAt") VALUES
	('11e16763-ac80-4585-b3cf-7daf4265d055', 'teacher1@example.com', 'password123', 'Teacher 1', '2024-04-02 19:40:08.610283+00', '2024-04-02 19:40:08.610283+00'),
	('dab0946d-eda3-463c-91a7-a66595f90e76', 'teacher2@example.com', 'password456', 'Teacher 2', '2024-04-02 19:40:08.610283+00', '2024-04-02 19:40:08.610283+00'),
	('ea69fefd-62cc-4c5d-8702-aaaa0a7cedfd', 'teacher3@example.com', 'password789', 'Teacher 3', '2024-04-02 19:40:08.610283+00', '2024-04-02 19:40:08.610283+00'),
	('1de0b1a3-1225-4a44-b282-52066836ac58', 'teacher4@example.com', 'passwordabc', 'Teacher 4', '2024-04-02 19:40:08.610283+00', '2024-04-02 19:40:08.610283+00'),
	('9235bfc0-09e8-4cde-9fd0-4c5863947fc5', 'teacher5@example.com', 'passworddef', 'Teacher 5', '2024-04-02 19:40:08.610283+00', '2024-04-02 19:40:08.610283+00'),
	('20eae785-8559-45dc-aca6-0728dfabce8d', 'teacher6@example.com', 'passwordghi', 'Teacher 6', '2024-04-02 19:40:08.610283+00', '2024-04-02 19:40:08.610283+00'),
	('0d126e07-7f04-4c6a-984e-4b9b8781e238', 'teacher7@example.com', 'passwordjkl', 'Teacher 7', '2024-04-02 19:40:08.610283+00', '2024-04-02 19:40:08.610283+00'),
	('ae8a2bdb-6a0b-4ac5-adff-70f47652515b', 'teacher8@example.com', 'passwordmno', 'Teacher 8', '2024-04-02 19:40:08.610283+00', '2024-04-02 19:40:08.610283+00'),
	('68a16584-7e7f-4085-86e3-0b1a589b5a3c', 'teacher9@example.com', 'passwordpqr', 'Teacher 9', '2024-04-02 19:40:08.610283+00', '2024-04-02 19:40:08.610283+00'),
	('8d8625d0-d5b1-46e3-aacd-697b286a851d', 'teacher10@example.com', 'passwordstu', 'Teacher 10', '2024-04-02 19:40:08.610283+00', '2024-04-02 19:40:08.610283+00'),
	('3f8d6274-f1ab-416b-9166-b90feafdcaa0', 'teacher11@example.com', 'passwordvwx', 'Teacher 11', '2024-04-11 09:25:38.61464+00', '2024-04-11 09:25:38.61464+00'),
	('91ad4eab-f484-4227-bd0c-84f16a52f2d1', 'teacher12@example.com', 'passwordyza', 'Teacher 12', '2024-04-11 09:25:38.61464+00', '2024-04-11 09:25:38.61464+00'),
	('eac7a8cd-d019-41ba-bf1c-fda8543a04f5', 'teacher13@example.com', 'passwordbcd', 'Teacher 13', '2024-04-11 09:25:38.61464+00', '2024-04-11 09:25:38.61464+00'),
	('65e4aaf5-d1a6-460f-9c3a-35ef8958174e', 'teacher14@example.com', 'passwordefg', 'Teacher 14', '2024-04-11 09:25:38.61464+00', '2024-04-11 09:25:38.61464+00'),
	('1755a487-b8aa-4ed7-a5a1-fe7caacfc8c3', 'teacher15@example.com', 'passwordhij', 'Teacher 15', '2024-04-11 09:25:38.61464+00', '2024-04-11 09:25:38.61464+00'),
	('6d37486e-926a-4e47-904c-694b4f4b3fb3', 'teacher16@example.com', 'passwordklm', 'Teacher 16', '2024-04-11 09:25:38.61464+00', '2024-04-11 09:25:38.61464+00'),
	('0d6a91a2-eb1f-4ea3-bc25-af1b0a52e37b', 'teacher17@example.com', 'passwordnop', 'Teacher 17', '2024-04-11 09:25:38.61464+00', '2024-04-11 09:25:38.61464+00'),
	('64220d57-2471-4dfb-a01c-efe676027d28', 'teacher18@example.com', 'passwordqrs', 'Teacher 18', '2024-04-11 09:25:38.61464+00', '2024-04-11 09:25:38.61464+00'),
	('c6dcceb8-f4a3-468c-8cd2-3f251a3620ce', 'teacher19@example.com', 'passwordtuv', 'Teacher 19', '2024-04-11 09:25:38.61464+00', '2024-04-11 09:25:38.61464+00'),
	('4e7e0544-bb78-4a1c-b4e4-e532975dd82c', 'teacher20@example.com', 'passwordwxy', 'Teacher 20', '2024-04-11 09:25:38.61464+00', '2024-04-11 09:25:38.61464+00');


--
-- Data for Name: classes; Type: TABLE DATA; Schema: public; Owner: postgres
--

INSERT INTO "public"."classes" ("id", "name", "teacherId", "createdAt", "updatedAt", "section") VALUES
	('0272ddba-6605-4c7e-b6b3-9ce6cc7f882a', '1', '8d8625d0-d5b1-46e3-aacd-697b286a851d', '2024-04-02 19:40:08.610283+00', '2024-04-02 19:40:08.610283+00', 'A'),
	('6c652d4f-e9c4-48f0-9d28-5205e935f08f', '2', 'ae8a2bdb-6a0b-4ac5-adff-70f47652515b', '2024-04-02 19:40:08.610283+00', '2024-04-02 19:40:08.610283+00', 'A'),
	('5e853fbd-cf47-4b35-b12b-2b8a683c452c', '3', '0d126e07-7f04-4c6a-984e-4b9b8781e238', '2024-04-02 19:40:08.610283+00', '2024-04-02 19:40:08.610283+00', 'A'),
	('89af8885-697e-4095-8225-22cf886047fd', '4', '68a16584-7e7f-4085-86e3-0b1a589b5a3c', '2024-04-02 19:40:08.610283+00', '2024-04-02 19:40:08.610283+00', 'A'),
	('af3bd909-e77b-4be8-92dc-c78a23f2a353', '5', 'ea69fefd-62cc-4c5d-8702-aaaa0a7cedfd', '2024-04-02 19:40:08.610283+00', '2024-04-02 19:40:08.610283+00', 'A'),
	('372615eb-9e87-4c41-a209-30969bbb9696', '6', '9235bfc0-09e8-4cde-9fd0-4c5863947fc5', '2024-04-02 19:40:08.610283+00', '2024-04-02 19:40:08.610283+00', 'A'),
	('95bbbbc8-7bff-4837-be63-ea13d2f86143', '7', '1de0b1a3-1225-4a44-b282-52066836ac58', '2024-04-02 19:40:08.610283+00', '2024-04-02 19:40:08.610283+00', 'A'),
	('79b5163d-b31f-4f38-9dd6-e1aebf3591b3', '8', '11e16763-ac80-4585-b3cf-7daf4265d055', '2024-04-02 19:40:08.610283+00', '2024-04-02 19:40:08.610283+00', 'A'),
	('675dacbb-da1d-47b5-b422-e62669ad1f62', '9', '20eae785-8559-45dc-aca6-0728dfabce8d', '2024-04-02 19:40:08.610283+00', '2024-04-02 19:40:08.610283+00', 'A'),
	('dd4092c2-2030-4e90-8526-a6c9d864c0fb', '10', 'dab0946d-eda3-463c-91a7-a66595f90e76', '2024-04-02 19:40:08.610283+00', '2024-04-02 19:40:08.610283+00', 'A'),
	('7c507afc-f822-44de-a91c-570abfe3682b', '4', '6d37486e-926a-4e47-904c-694b4f4b3fb3', '2024-04-11 09:25:38.61464+00', '2024-04-11 09:25:38.61464+00', 'B'),
	('71b7915f-df59-4ebc-b9fc-7067d095adc0', '8', 'c6dcceb8-f4a3-468c-8cd2-3f251a3620ce', '2024-04-11 09:25:38.61464+00', '2024-04-11 09:25:38.61464+00', 'B'),
	('af88e4cc-286a-4f8c-b2d9-90bd31351fcd', '10', '4e7e0544-bb78-4a1c-b4e4-e532975dd82c', '2024-04-11 09:25:38.61464+00', '2024-04-11 09:25:38.61464+00', 'B');


--
-- Data for Name: students; Type: TABLE DATA; Schema: public; Owner: postgres
--

INSERT INTO "public"."students" ("id", "name", "studentId", "classId", "rollNumber", "createdAt", "updatedAt") VALUES
	('9ab83062-2404-4f78-9a56-4d0e2459476f', 'Aditya Sharma', '702888', '0272ddba-6605-4c7e-b6b3-9ce6cc7f882a', 4, '2024-04-11 09:25:38.61464+00', '2024-04-11 09:25:38.61464+00'),
	('47b28427-debc-432b-b99a-12960c793828', 'Anushka Gupta', '787280', '0272ddba-6605-4c7e-b6b3-9ce6cc7f882a', 7, '2024-04-11 09:25:38.61464+00', '2024-04-11 09:25:38.61464+00'),
	('14bed684-6b1b-4911-8a76-7e7f8a6882ed', 'Arjun Singh', '119326', '0272ddba-6605-4c7e-b6b3-9ce6cc7f882a', 8, '2024-04-11 09:25:38.61464+00', '2024-04-11 09:25:38.61464+00'),
	('9219279e-c243-48aa-9d67-7a6390546374', 'Ishaan Chopra', '747897', '0272ddba-6605-4c7e-b6b3-9ce6cc7f882a', 13, '2024-04-11 09:25:38.61464+00', '2024-04-11 09:25:38.61464+00'),
	('6d2c4569-507a-4be9-88e6-86c5b8d5f683', 'Myra Malhotra', '633178', '0272ddba-6605-4c7e-b6b3-9ce6cc7f882a', 16, '2024-04-11 09:25:38.61464+00', '2024-04-11 09:25:38.61464+00'),
	('0420a964-ab80-4687-92ca-fcd2f20e5db1', 'Nisha Kohli', '772494', '0272ddba-6605-4c7e-b6b3-9ce6cc7f882a', 18, '2024-04-11 09:25:38.61464+00', '2024-04-11 09:25:38.61464+00'),
	('f89d5a8a-577f-46b5-b360-ab7bba6bf15e', 'Priya Kapoor', '023667', '0272ddba-6605-4c7e-b6b3-9ce6cc7f882a', 20, '2024-04-11 09:25:38.61464+00', '2024-04-11 09:25:38.61464+00'),
	('84701ee8-f52a-4f4f-95d9-9c7a90ec56b8', 'Rishi Mehta', '391425', '0272ddba-6605-4c7e-b6b3-9ce6cc7f882a', 21, '2024-04-11 09:25:38.61464+00', '2024-04-11 09:25:38.61464+00'),
	('30f0e8f4-482e-4c3d-b3e6-5ff0c0a1910d', 'Sanya Ahuja', '459302', '0272ddba-6605-4c7e-b6b3-9ce6cc7f882a', 24, '2024-04-11 09:25:38.61464+00', '2024-04-11 09:25:38.61464+00'),
	('a38c8f5d-4792-41ee-80ef-499b4c8ab90b', 'Tanvi Batra', '917807', '0272ddba-6605-4c7e-b6b3-9ce6cc7f882a', 27, '2024-04-11 09:25:38.61464+00', '2024-04-11 09:25:38.61464+00'),
	('83c585a2-e741-4f4c-8024-6b111b4da2e5', 'Vihaan Kapoor', '821147', '0272ddba-6605-4c7e-b6b3-9ce6cc7f882a', 28, '2024-04-11 09:25:38.61464+00', '2024-04-11 09:25:38.61464+00'),
	('f38ed8ba-0a18-4b14-9ec7-aa6151909123', 'Zara Khan', '042038', '0272ddba-6605-4c7e-b6b3-9ce6cc7f882a', 31, '2024-04-11 09:25:38.61464+00', '2024-04-11 09:25:38.61464+00'),
	('fe9ef3ae-b024-45c3-bf98-3dd834042d33', 'Aryan Sharma', '244352', '0272ddba-6605-4c7e-b6b3-9ce6cc7f882a', 10, '2024-04-11 09:25:38.61464+00', '2024-04-11 09:25:38.61464+00'),
	('39697060-b5b7-44a1-901c-e638269b2e54', 'Diya Thakur', '336365', '0272ddba-6605-4c7e-b6b3-9ce6cc7f882a', 12, '2024-04-11 09:25:38.61464+00', '2024-04-11 09:25:38.61464+00'),
	('5090c2ce-1a6b-4d27-8bd7-65612b3637e6', 'Kabir Saxena', '848898', '0272ddba-6605-4c7e-b6b3-9ce6cc7f882a', 15, '2024-04-11 09:25:38.61464+00', '2024-04-11 09:25:38.61464+00'),
	('75b34c18-e2f5-4c93-8062-c251571d6446', 'Nisha Raj', '479455', '0272ddba-6605-4c7e-b6b3-9ce6cc7f882a', 19, '2024-04-11 09:25:38.61464+00', '2024-04-11 09:25:38.61464+00'),
	('8fc46f01-fd5f-4f1e-abc8-ba9913b91098', 'Rohan Verma', '041458', '0272ddba-6605-4c7e-b6b3-9ce6cc7f882a', 22, '2024-04-11 09:25:38.61464+00', '2024-04-11 09:25:38.61464+00'),
	('1d38bbfd-aa08-4b24-9a88-3efb32b2033a', 'Shriya Sharma', '380858', '0272ddba-6605-4c7e-b6b3-9ce6cc7f882a', 25, '2024-04-11 09:25:38.61464+00', '2024-04-11 09:25:38.61464+00'),
	('d7bcec50-74b5-4d89-be30-202d13e2a0d6', 'Tanisha Lal', '882207', '0272ddba-6605-4c7e-b6b3-9ce6cc7f882a', 26, '2024-04-11 09:25:38.61464+00', '2024-04-11 09:25:38.61464+00'),
	('b813bcbd-3974-4154-8583-3219ed2bc1ad', 'Vivaan Chopra', '779050', '0272ddba-6605-4c7e-b6b3-9ce6cc7f882a', 29, '2024-04-11 09:25:38.61464+00', '2024-04-11 09:25:38.61464+00'),
	('c280f769-958f-4c31-8f3b-d870878d439f', 'Aadhya Singh', '100002', '0272ddba-6605-4c7e-b6b3-9ce6cc7f882a', 1, '2024-04-04 17:07:08.864275+00', '2024-04-04 17:07:08.864275+00'),
	('3d00b2f0-c34d-4e72-b45b-87549903658e', 'Aaradhya Mishra', '100005', '0272ddba-6605-4c7e-b6b3-9ce6cc7f882a', 2, '2024-04-04 17:07:08.864275+00', '2024-04-04 17:07:08.864275+00'),
	('313d9803-3fba-47d2-a453-7baa9ccffa90', 'Aarav Patel', '100001', '0272ddba-6605-4c7e-b6b3-9ce6cc7f882a', 3, '2024-04-04 17:07:08.864275+00', '2024-04-04 17:07:08.864275+00'),
	('3af1236b-ac79-41af-9f71-482e07ec57f1', 'Advik Gupta', '100003', '0272ddba-6605-4c7e-b6b3-9ce6cc7f882a', 5, '2024-04-04 17:07:08.864275+00', '2024-04-04 17:07:08.864275+00'),
	('d1c26fba-384c-44d4-a9c3-286cfa3c7ef6', 'Ananya Sharma', '100004', '0272ddba-6605-4c7e-b6b3-9ce6cc7f882a', 6, '2024-04-04 17:07:08.864275+00', '2024-04-04 17:07:08.864275+00'),
	('4da4664a-2ad0-4263-bbe6-c6aafeec0852', 'Aryan Kumar', '100006', '0272ddba-6605-4c7e-b6b3-9ce6cc7f882a', 9, '2024-04-04 17:07:08.864275+00', '2024-04-04 17:07:08.864275+00'),
	('68ccd5b3-291b-4dfb-9621-a69b5d5c2224', 'Diya Das', '100007', '0272ddba-6605-4c7e-b6b3-9ce6cc7f882a', 11, '2024-04-04 17:07:08.864275+00', '2024-04-04 17:07:08.864275+00'),
	('5ffd1140-2e03-4e18-869f-70de298c81c1', 'Ishaan Choudhury', '100008', '0272ddba-6605-4c7e-b6b3-9ce6cc7f882a', 14, '2024-04-04 17:07:08.864275+00', '2024-04-04 17:07:08.864275+00'),
	('508a04ce-8b6c-40c5-b038-20d5e3986c0d', 'Myra Reddy', '100009', '0272ddba-6605-4c7e-b6b3-9ce6cc7f882a', 17, '2024-04-04 17:07:08.864275+00', '2024-04-04 17:07:08.864275+00'),
	('9519a117-5cc5-42b7-b156-6b327ab5eaa1', 'Rohan Verma', '123789', '0272ddba-6605-4c7e-b6b3-9ce6cc7f882a', 23, '2024-04-02 19:40:08.610283+00', '2024-04-02 19:40:08.610283+00'),
	('17949f71-52bc-4216-a9e5-8bf6179f2fcd', 'Vivaan Krishnan', '100011', '0272ddba-6605-4c7e-b6b3-9ce6cc7f882a', 30, '2024-04-04 17:07:08.864275+00', '2024-04-04 17:07:08.864275+00'),
	('58481752-88e0-4d7d-beb5-a9d1e5ea79dd', 'Aanya Patel', '100056', '372615eb-9e87-4c41-a209-30969bbb9696', 1, '2024-04-04 17:07:08.864275+00', '2024-04-04 17:07:08.864275+00'),
	('28e7d8d6-a322-45c6-bc6d-180718862885', 'Aaradhya Mishra', '654321', '372615eb-9e87-4c41-a209-30969bbb9696', 2, '2024-04-02 19:40:08.610283+00', '2024-04-02 19:40:08.610283+00'),
	('6bfd268e-d388-4988-afdc-4a1d2447eb45', 'Advait Singh', '100057', '372615eb-9e87-4c41-a209-30969bbb9696', 3, '2024-04-04 17:07:08.864275+00', '2024-04-04 17:07:08.864275+00'),
	('f881721b-ee75-435d-8bd3-2867055a5e8d', 'Arya Patel', '987987', '372615eb-9e87-4c41-a209-30969bbb9696', 4, '2024-04-02 19:40:08.610283+00', '2024-04-02 19:40:08.610283+00'),
	('e8ab8f2a-f9a5-42f7-84cb-17f4463a0267', 'Diya Gupta', '100058', '372615eb-9e87-4c41-a209-30969bbb9696', 5, '2024-04-04 17:07:08.864275+00', '2024-04-04 17:07:08.864275+00'),
	('7e48c199-9fd2-4b8b-8e23-743e7f17d1c4', 'Ishaan Sharma', '100059', '372615eb-9e87-4c41-a209-30969bbb9696', 6, '2024-04-04 17:07:08.864275+00', '2024-04-04 17:07:08.864275+00'),
	('2cd74fd5-cdaf-4c76-b027-4d2e9b75a1e2', 'Kavya Mishra', '100060', '372615eb-9e87-4c41-a209-30969bbb9696', 7, '2024-04-04 17:07:08.864275+00', '2024-04-04 17:07:08.864275+00'),
	('09a9cd95-1d45-4ee9-8b4d-96d60a77af3b', 'Nirav Kumar', '100061', '372615eb-9e87-4c41-a209-30969bbb9696', 8, '2024-04-04 17:07:08.864275+00', '2024-04-04 17:07:08.864275+00'),
	('55aa530c-33c7-401d-b41c-da53a30b2874', 'Prisha Das', '100062', '372615eb-9e87-4c41-a209-30969bbb9696', 9, '2024-04-04 17:07:08.864275+00', '2024-04-04 17:07:08.864275+00'),
	('d02046fe-1dd4-40d4-b860-1a2f0637c62d', 'Riya Choudhury', '100063', '372615eb-9e87-4c41-a209-30969bbb9696', 10, '2024-04-04 17:07:08.864275+00', '2024-04-04 17:07:08.864275+00'),
	('1a144ef1-0111-4e23-a031-58c5a062bbde', 'Siddharth Reddy', '100064', '372615eb-9e87-4c41-a209-30969bbb9696', 11, '2024-04-04 17:07:08.864275+00', '2024-04-04 17:07:08.864275+00'),
	('4cf658ef-887c-4593-831c-8fbb3ba3e0d8', 'Tanvi Verma', '100065', '372615eb-9e87-4c41-a209-30969bbb9696', 12, '2024-04-04 17:07:08.864275+00', '2024-04-04 17:07:08.864275+00'),
	('a2d1cd5c-a4fe-446d-bb77-e9757ed8c947', 'Anika Patel', '100023', '5e853fbd-cf47-4b35-b12b-2b8a683c452c', 1, '2024-04-04 17:07:08.864275+00', '2024-04-04 17:07:08.864275+00'),
	('2df26707-a2b6-404b-bad3-b5ea6e7d3040', 'Arnav Singh', '100024', '5e853fbd-cf47-4b35-b12b-2b8a683c452c', 2, '2024-04-04 17:07:08.864275+00', '2024-04-04 17:07:08.864275+00'),
	('c0805d2d-a302-4428-acde-f124b8d86538', 'Diya Das', '654987', '5e853fbd-cf47-4b35-b12b-2b8a683c452c', 3, '2024-04-02 19:40:08.610283+00', '2024-04-02 19:40:08.610283+00'),
	('a7179424-6ac0-4d8a-a7a0-6f5eb4ad4ec2', 'Diya Gupta', '100025', '5e853fbd-cf47-4b35-b12b-2b8a683c452c', 4, '2024-04-04 17:07:08.864275+00', '2024-04-04 17:07:08.864275+00'),
	('fe3a1474-bf69-4dbf-8d14-7226c1a68ccb', 'Ishaan Sharma', '100026', '5e853fbd-cf47-4b35-b12b-2b8a683c452c', 5, '2024-04-04 17:07:08.864275+00', '2024-04-04 17:07:08.864275+00'),
	('40d11229-4ad2-4610-890a-4f053feb6ea2', 'Kavya Mishra', '100027', '5e853fbd-cf47-4b35-b12b-2b8a683c452c', 6, '2024-04-04 17:07:08.864275+00', '2024-04-04 17:07:08.864275+00'),
	('b792de20-b520-47f3-a7b5-11165af51f72', 'Nirav Kumar', '100028', '5e853fbd-cf47-4b35-b12b-2b8a683c452c', 7, '2024-04-04 17:07:08.864275+00', '2024-04-04 17:07:08.864275+00'),
	('3c846b40-7213-40b1-9ea8-6f4e300e1eaa', 'Prisha Das', '100029', '5e853fbd-cf47-4b35-b12b-2b8a683c452c', 8, '2024-04-04 17:07:08.864275+00', '2024-04-04 17:07:08.864275+00'),
	('a0cead51-de39-49ae-953a-4696bb942dd5', 'Riya Choudhury', '100030', '5e853fbd-cf47-4b35-b12b-2b8a683c452c', 9, '2024-04-04 17:07:08.864275+00', '2024-04-04 17:07:08.864275+00'),
	('a78439cb-b036-4592-a458-3d4bd065e5db', 'Siddharth Reddy', '100031', '5e853fbd-cf47-4b35-b12b-2b8a683c452c', 10, '2024-04-04 17:07:08.864275+00', '2024-04-04 17:07:08.864275+00'),
	('1da3ec02-45b0-40eb-9363-321c7652d8ce', 'Tanvi Verma', '100032', '5e853fbd-cf47-4b35-b12b-2b8a683c452c', 11, '2024-04-04 17:07:08.864275+00', '2024-04-04 17:07:08.864275+00'),
	('52a0cba6-71fd-4230-92cf-2509eccd4cc7', 'Vihaan Krishnan', '100033', '5e853fbd-cf47-4b35-b12b-2b8a683c452c', 12, '2024-04-04 17:07:08.864275+00', '2024-04-04 17:07:08.864275+00'),
	('968fc157-d447-4992-8b42-f0d59e2c4636', 'Anika Patel', '100089', '675dacbb-da1d-47b5-b422-e62669ad1f62', 1, '2024-04-04 17:07:08.864275+00', '2024-04-04 17:07:08.864275+00'),
	('b2f10e4b-e9a6-449e-b7f3-c11b8efbd937', 'Arnav Singh', '100090', '675dacbb-da1d-47b5-b422-e62669ad1f62', 2, '2024-04-04 17:07:08.864275+00', '2024-04-04 17:07:08.864275+00'),
	('24f60eb0-77a2-450a-b67a-99a86a081a06', 'Aryan Kumar', '321321', '675dacbb-da1d-47b5-b422-e62669ad1f62', 3, '2024-04-02 19:40:08.610283+00', '2024-04-02 19:40:08.610283+00'),
	('61a05962-fa15-4fb8-a3d2-c7e4a5fae851', 'Diya Gupta', '100091', '675dacbb-da1d-47b5-b422-e62669ad1f62', 4, '2024-04-04 17:07:08.864275+00', '2024-04-04 17:07:08.864275+00'),
	('993ee63b-9ae0-4fcd-8c7b-298a18223d7b', 'Ishaan Sharma', '100092', '675dacbb-da1d-47b5-b422-e62669ad1f62', 5, '2024-04-04 17:07:08.864275+00', '2024-04-04 17:07:08.864275+00'),
	('a756a409-0b13-46e3-9acc-fdb2c0e629a8', 'Kavya Mishra', '100093', '675dacbb-da1d-47b5-b422-e62669ad1f62', 6, '2024-04-04 17:07:08.864275+00', '2024-04-04 17:07:08.864275+00'),
	('4a00f83b-cd37-464a-b904-10caa58cffb0', 'Nirav Kumar', '100094', '675dacbb-da1d-47b5-b422-e62669ad1f62', 7, '2024-04-04 17:07:08.864275+00', '2024-04-04 17:07:08.864275+00'),
	('a7c3ae87-2f21-4095-b8d9-e98eedba1cf2', 'Prisha Das', '100095', '675dacbb-da1d-47b5-b422-e62669ad1f62', 8, '2024-04-04 17:07:08.864275+00', '2024-04-04 17:07:08.864275+00'),
	('c307478a-bd39-450e-b04c-c9249ca92800', 'Riya Choudhury', '100096', '675dacbb-da1d-47b5-b422-e62669ad1f62', 9, '2024-04-04 17:07:08.864275+00', '2024-04-04 17:07:08.864275+00'),
	('fb3f71e5-2027-4112-bd58-ed295cfa87bc', 'Siddharth Reddy', '100097', '675dacbb-da1d-47b5-b422-e62669ad1f62', 10, '2024-04-04 17:07:08.864275+00', '2024-04-04 17:07:08.864275+00'),
	('5b7397d8-bae7-4d08-ba2e-a129ae6bba80', 'Tanvi Verma', '100098', '675dacbb-da1d-47b5-b422-e62669ad1f62', 11, '2024-04-04 17:07:08.864275+00', '2024-04-04 17:07:08.864275+00'),
	('898ffaf6-8dd6-4400-b00f-8dbe204e2579', 'Vihaan Krishnan', '100099', '675dacbb-da1d-47b5-b422-e62669ad1f62', 12, '2024-04-04 17:07:08.864275+00', '2024-04-04 17:07:08.864275+00'),
	('6f18bece-f72a-44f8-9f61-ad121c7a9a48', 'Aanya Sharma', '100016', '6c652d4f-e9c4-48f0-9d28-5205e935f08f', 1, '2024-04-04 17:07:08.864275+00', '2024-04-04 17:07:08.864275+00'),
	('d73f68c1-05dc-46d4-94f4-3c6b02a9288d', 'Advait Gupta', '100017', '6c652d4f-e9c4-48f0-9d28-5205e935f08f', 2, '2024-04-04 17:07:08.864275+00', '2024-04-04 17:07:08.864275+00'),
	('8a8c1a2a-9aac-480d-8c1f-b348ce20da07', 'Arya Patel', '100015', '6c652d4f-e9c4-48f0-9d28-5205e935f08f', 3, '2024-04-04 17:07:08.864275+00', '2024-04-04 17:07:08.864275+00'),
	('83d2a9f7-fe0e-42d0-848b-22747e9ed51e', 'Diya Mishra', '100018', '6c652d4f-e9c4-48f0-9d28-5205e935f08f', 4, '2024-04-04 17:07:08.864275+00', '2024-04-04 17:07:08.864275+00'),
	('bcd5075c-54ae-435c-8237-e38cf3ca9252', 'Ishaan Choudhury', '987321', '6c652d4f-e9c4-48f0-9d28-5205e935f08f', 5, '2024-04-02 19:40:08.610283+00', '2024-04-02 19:40:08.610283+00'),
	('bcaed60b-5ade-4ea4-9a7e-c3df4d5456fe', 'Kabir Das', '100019', '6c652d4f-e9c4-48f0-9d28-5205e935f08f', 6, '2024-04-04 17:07:08.864275+00', '2024-04-04 17:07:08.864275+00'),
	('72a89cd3-2e4a-4253-b173-8c12f0295369', 'Navya Reddy', '100020', '6c652d4f-e9c4-48f0-9d28-5205e935f08f', 7, '2024-04-04 17:07:08.864275+00', '2024-04-04 17:07:08.864275+00'),
	('734ffa01-c018-4af5-9238-c1cf286205c6', 'Reyansh Singh', '100014', '6c652d4f-e9c4-48f0-9d28-5205e935f08f', 8, '2024-04-04 17:07:08.864275+00', '2024-04-04 17:07:08.864275+00'),
	('8d9eb588-9f13-437e-9210-407ca3efb6d3', 'Rishi Verma', '100021', '6c652d4f-e9c4-48f0-9d28-5205e935f08f', 9, '2024-04-04 17:07:08.864275+00', '2024-04-04 17:07:08.864275+00'),
	('a57938bf-ca42-4400-a6c2-80cb2010875e', 'Saanvi Krishnan', '100022', '6c652d4f-e9c4-48f0-9d28-5205e935f08f', 10, '2024-04-04 17:07:08.864275+00', '2024-04-04 17:07:08.864275+00'),
	('7396bf45-8f0e-4e8f-abe0-18c758952df8', 'Saisha Gupta', '100013', '6c652d4f-e9c4-48f0-9d28-5205e935f08f', 11, '2024-04-04 17:07:08.864275+00', '2024-04-04 17:07:08.864275+00'),
	('7922e789-f34f-4c99-b71a-d264a143e24b', 'Vihaan Kumar', '100012', '6c652d4f-e9c4-48f0-9d28-5205e935f08f', 12, '2024-04-04 17:07:08.864275+00', '2024-04-04 17:07:08.864275+00'),
	('261de7c3-a1aa-4a14-9be4-1422c03dcb49', 'Aanya Patel', '100078', '79b5163d-b31f-4f38-9dd6-e1aebf3591b3', 1, '2024-04-04 17:07:08.864275+00', '2024-04-04 17:07:08.864275+00'),
	('4677e43f-9558-4e7b-9379-396277277f77', 'Aarav Patel', '123123', '79b5163d-b31f-4f38-9dd6-e1aebf3591b3', 2, '2024-04-02 19:40:08.610283+00', '2024-04-02 19:40:08.610283+00'),
	('17f9e142-8deb-40d4-8672-bb5a205a1809', 'Advait Singh', '100079', '79b5163d-b31f-4f38-9dd6-e1aebf3591b3', 3, '2024-04-04 17:07:08.864275+00', '2024-04-04 17:07:08.864275+00'),
	('7ee97b49-94cb-491c-bfaf-5536de79966f', 'Diya Gupta', '100080', '79b5163d-b31f-4f38-9dd6-e1aebf3591b3', 4, '2024-04-04 17:07:08.864275+00', '2024-04-04 17:07:08.864275+00'),
	('a86fb775-adeb-47a9-898a-0298753c965f', 'Ishaan Sharma', '100081', '79b5163d-b31f-4f38-9dd6-e1aebf3591b3', 5, '2024-04-04 17:07:08.864275+00', '2024-04-04 17:07:08.864275+00'),
	('9d25ad7f-dfdc-48fb-9e0c-47189bc11ba9', 'Kavya Mishra', '100082', '79b5163d-b31f-4f38-9dd6-e1aebf3591b3', 6, '2024-04-04 17:07:08.864275+00', '2024-04-04 17:07:08.864275+00'),
	('7902d9d9-3176-4a02-9961-bfd4ea70a23a', 'Nirav Kumar', '100083', '79b5163d-b31f-4f38-9dd6-e1aebf3591b3', 7, '2024-04-04 17:07:08.864275+00', '2024-04-04 17:07:08.864275+00'),
	('8e6ba013-93bb-4dda-a91b-290c7666c8d3', 'Prisha Das', '100084', '79b5163d-b31f-4f38-9dd6-e1aebf3591b3', 8, '2024-04-04 17:07:08.864275+00', '2024-04-04 17:07:08.864275+00'),
	('59758b65-81f2-4284-8731-b4f45991bbca', 'Riya Choudhury', '100085', '79b5163d-b31f-4f38-9dd6-e1aebf3591b3', 9, '2024-04-04 17:07:08.864275+00', '2024-04-04 17:07:08.864275+00'),
	('7bd92b56-c450-4695-a4e3-4f71d1c14e72', 'Siddharth Reddy', '100086', '79b5163d-b31f-4f38-9dd6-e1aebf3591b3', 10, '2024-04-04 17:07:08.864275+00', '2024-04-04 17:07:08.864275+00'),
	('262d88cc-9f5b-4a9d-a01b-a0b2fb9f4aae', 'Tanvi Verma', '100087', '79b5163d-b31f-4f38-9dd6-e1aebf3591b3', 11, '2024-04-04 17:07:08.864275+00', '2024-04-04 17:07:08.864275+00'),
	('f9afe2a7-72bb-4785-882c-8d0973601952', 'Vihaan Krishnan', '100088', '79b5163d-b31f-4f38-9dd6-e1aebf3591b3', 12, '2024-04-04 17:07:08.864275+00', '2024-04-04 17:07:08.864275+00'),
	('5a096fc5-5937-4fdc-a7e0-f5762bdc595b', 'Vivaan Krishnan', '456123', '79b5163d-b31f-4f38-9dd6-e1aebf3591b3', 13, '2024-04-02 19:40:08.610283+00', '2024-04-02 19:40:08.610283+00'),
	('a05758db-c5db-4605-85ee-a1a79975b7bb', 'Aanya Patel', '100034', '89af8885-697e-4095-8225-22cf886047fd', 1, '2024-04-04 17:07:08.864275+00', '2024-04-04 17:07:08.864275+00'),
	('2014c5bf-17a2-49d3-82d2-f4dbe2cb9acc', 'Advait Singh', '100035', '89af8885-697e-4095-8225-22cf886047fd', 2, '2024-04-04 17:07:08.864275+00', '2024-04-04 17:07:08.864275+00'),
	('bf1fc183-35f9-484f-b5ec-e82afcd33bcc', 'Diya Gupta', '100036', '89af8885-697e-4095-8225-22cf886047fd', 3, '2024-04-04 17:07:08.864275+00', '2024-04-04 17:07:08.864275+00'),
	('5f93c74c-2782-449f-aa4a-d736722a3533', 'Ishaan Sharma', '100037', '89af8885-697e-4095-8225-22cf886047fd', 4, '2024-04-04 17:07:08.864275+00', '2024-04-04 17:07:08.864275+00'),
	('78a57fe0-66db-4dcd-8ca8-1f4415381be7', 'Kavya Mishra', '100038', '89af8885-697e-4095-8225-22cf886047fd', 5, '2024-04-04 17:07:08.864275+00', '2024-04-04 17:07:08.864275+00'),
	('d284663b-5e11-4071-959c-19b392bdc3cc', 'Myra Reddy', '789456', '89af8885-697e-4095-8225-22cf886047fd', 6, '2024-04-02 19:40:08.610283+00', '2024-04-02 19:40:08.610283+00'),
	('3a88628e-b8be-4af7-860e-50f01dff05e8', 'Nirav Kumar', '100039', '89af8885-697e-4095-8225-22cf886047fd', 7, '2024-04-04 17:07:08.864275+00', '2024-04-04 17:07:08.864275+00'),
	('54a64681-14d3-4017-adda-2738920173ed', 'Prisha Das', '100040', '89af8885-697e-4095-8225-22cf886047fd', 8, '2024-04-04 17:07:08.864275+00', '2024-04-04 17:07:08.864275+00'),
	('ebeacc94-a573-47aa-b96f-eba49fafb63b', 'Riya Choudhury', '100041', '89af8885-697e-4095-8225-22cf886047fd', 9, '2024-04-04 17:07:08.864275+00', '2024-04-04 17:07:08.864275+00'),
	('aed4b35a-809f-4cf9-b125-d3588852b750', 'Siddharth Reddy', '100042', '89af8885-697e-4095-8225-22cf886047fd', 10, '2024-04-04 17:07:08.864275+00', '2024-04-04 17:07:08.864275+00'),
	('a514356e-6603-46f1-8d77-cbc3d9a1b821', 'Tanvi Verma', '100043', '89af8885-697e-4095-8225-22cf886047fd', 11, '2024-04-04 17:07:08.864275+00', '2024-04-04 17:07:08.864275+00'),
	('858f135e-2347-4be2-be2d-153f6ec763a7', 'Vihaan Krishnan', '100044', '89af8885-697e-4095-8225-22cf886047fd', 12, '2024-04-04 17:07:08.864275+00', '2024-04-04 17:07:08.864275+00'),
	('dbf67af7-4135-4aaa-bb61-1f41048db99e', 'Ananya Sharma', '987654', '95bbbbc8-7bff-4837-be63-ea13d2f86143', 1, '2024-04-02 19:40:08.610283+00', '2024-04-02 19:40:08.610283+00'),
	('92d45537-5838-4a10-9c6e-82278e374476', 'Anika Patel', '100067', '95bbbbc8-7bff-4837-be63-ea13d2f86143', 2, '2024-04-04 17:07:08.864275+00', '2024-04-04 17:07:08.864275+00'),
	('f047bd3f-75c6-4763-92ab-dcb8ccf4dca1', 'Arnav Singh', '100068', '95bbbbc8-7bff-4837-be63-ea13d2f86143', 3, '2024-04-04 17:07:08.864275+00', '2024-04-04 17:07:08.864275+00'),
	('7ebd1605-6194-4a1a-94d3-908009b4da75', 'Diya Gupta', '100069', '95bbbbc8-7bff-4837-be63-ea13d2f86143', 4, '2024-04-04 17:07:08.864275+00', '2024-04-04 17:07:08.864275+00'),
	('632a1d13-cd85-402d-8c25-0f4321a3beab', 'Ishaan Sharma', '100070', '95bbbbc8-7bff-4837-be63-ea13d2f86143', 5, '2024-04-04 17:07:08.864275+00', '2024-04-04 17:07:08.864275+00'),
	('7d21f0b2-5bae-4041-ac41-18e295b901a6', 'Kavya Mishra', '100071', '95bbbbc8-7bff-4837-be63-ea13d2f86143', 6, '2024-04-04 17:07:08.864275+00', '2024-04-04 17:07:08.864275+00'),
	('8742d7c8-e37e-4409-b14a-e817c7fccee7', 'Nirav Kumar', '100072', '95bbbbc8-7bff-4837-be63-ea13d2f86143', 7, '2024-04-04 17:07:08.864275+00', '2024-04-04 17:07:08.864275+00'),
	('ac2d9a5d-1673-4fe5-9fc7-d870c7520424', 'Prisha Das', '100073', '95bbbbc8-7bff-4837-be63-ea13d2f86143', 8, '2024-04-04 17:07:08.864275+00', '2024-04-04 17:07:08.864275+00'),
	('d322c3b7-7261-4b9c-bdc5-8e53612f49b0', 'Reyansh Singh', '654789', '95bbbbc8-7bff-4837-be63-ea13d2f86143', 9, '2024-04-02 19:40:08.610283+00', '2024-04-02 19:40:08.610283+00'),
	('0fecd52d-b90a-43ac-963d-34ad31d2bcf0', 'Riya Choudhury', '100074', '95bbbbc8-7bff-4837-be63-ea13d2f86143', 10, '2024-04-04 17:07:08.864275+00', '2024-04-04 17:07:08.864275+00'),
	('cf47e341-e0af-4c35-8e31-9444ee68de72', 'Siddharth Reddy', '100075', '95bbbbc8-7bff-4837-be63-ea13d2f86143', 11, '2024-04-04 17:07:08.864275+00', '2024-04-04 17:07:08.864275+00'),
	('9457e537-3193-41df-80f0-e299ffd06d41', 'Tanvi Verma', '100076', '95bbbbc8-7bff-4837-be63-ea13d2f86143', 12, '2024-04-04 17:07:08.864275+00', '2024-04-04 17:07:08.864275+00'),
	('dc62cf4c-49f5-443e-9cb6-9713f24ee6ef', 'Vihaan Krishnan', '100077', '95bbbbc8-7bff-4837-be63-ea13d2f86143', 13, '2024-04-04 17:07:08.864275+00', '2024-04-04 17:07:08.864275+00'),
	('3fbce51c-8154-41f7-a06e-5ef8ab13af3a', 'Advik Gupta', '789789', 'af3bd909-e77b-4be8-92dc-c78a23f2a353', 1, '2024-04-02 19:40:08.610283+00', '2024-04-02 19:40:08.610283+00'),
	('25d7a15d-85d0-4a6a-98b2-fc82b6ef2b22', 'Anika Patel', '100045', 'af3bd909-e77b-4be8-92dc-c78a23f2a353', 2, '2024-04-04 17:07:08.864275+00', '2024-04-04 17:07:08.864275+00'),
	('47856676-2f70-4e55-b971-6037224df84c', 'Arnav Singh', '100046', 'af3bd909-e77b-4be8-92dc-c78a23f2a353', 3, '2024-04-04 17:07:08.864275+00', '2024-04-04 17:07:08.864275+00'),
	('7c789f87-f968-441b-bc65-6875d8078dd9', 'Diya Gupta', '100047', 'af3bd909-e77b-4be8-92dc-c78a23f2a353', 4, '2024-04-04 17:07:08.864275+00', '2024-04-04 17:07:08.864275+00'),
	('9bbdc27d-25a4-4c61-a056-d5ca31e3f82d', 'Ishaan Sharma', '100048', 'af3bd909-e77b-4be8-92dc-c78a23f2a353', 5, '2024-04-04 17:07:08.864275+00', '2024-04-04 17:07:08.864275+00'),
	('32f0fd29-6205-43c3-b3d2-39d51d61864e', 'Kavya Mishra', '100049', 'af3bd909-e77b-4be8-92dc-c78a23f2a353', 6, '2024-04-04 17:07:08.864275+00', '2024-04-04 17:07:08.864275+00'),
	('2454bbff-6075-4991-9232-54f5f4ce9142', 'Nirav Kumar', '100050', 'af3bd909-e77b-4be8-92dc-c78a23f2a353', 7, '2024-04-04 17:07:08.864275+00', '2024-04-04 17:07:08.864275+00'),
	('14dcdb2c-5a48-4c1e-92b5-caf203fd06d0', 'Prisha Das', '100051', 'af3bd909-e77b-4be8-92dc-c78a23f2a353', 8, '2024-04-04 17:07:08.864275+00', '2024-04-04 17:07:08.864275+00'),
	('96ad80dd-a433-47ee-a54a-44d90108ec3c', 'Riya Choudhury', '100052', 'af3bd909-e77b-4be8-92dc-c78a23f2a353', 9, '2024-04-04 17:07:08.864275+00', '2024-04-04 17:07:08.864275+00'),
	('b90588f5-a3fd-4b9c-8405-e98ba63c9b72', 'Saisha Gupta', '321654', 'af3bd909-e77b-4be8-92dc-c78a23f2a353', 10, '2024-04-02 19:40:08.610283+00', '2024-04-02 19:40:08.610283+00'),
	('8e570c2e-976f-4f89-aa55-f791f94ede8e', 'Siddharth Reddy', '100053', 'af3bd909-e77b-4be8-92dc-c78a23f2a353', 11, '2024-04-04 17:07:08.864275+00', '2024-04-04 17:07:08.864275+00'),
	('bbdbf785-737e-4965-ad2b-94754e920348', 'Tanvi Verma', '100054', 'af3bd909-e77b-4be8-92dc-c78a23f2a353', 12, '2024-04-04 17:07:08.864275+00', '2024-04-04 17:07:08.864275+00'),
	('e8a75c28-999e-4c71-b1ef-771bd6f3b569', 'Vihaan Krishnan', '100055', 'af3bd909-e77b-4be8-92dc-c78a23f2a353', 13, '2024-04-04 17:07:08.864275+00', '2024-04-04 17:07:08.864275+00'),
	('e6bd29c7-d185-4bb3-96fb-25ade3b53be2', 'Aadhya Singh', '456456', 'dd4092c2-2030-4e90-8526-a6c9d864c0fb', 1, '2024-04-02 19:40:08.610283+00', '2024-04-02 19:40:08.610283+00'),
	('1ca15f77-093e-40f1-ba83-9271102a3c58', 'Aanya Patel', '100100', 'dd4092c2-2030-4e90-8526-a6c9d864c0fb', 2, '2024-04-04 17:07:08.864275+00', '2024-04-04 17:07:08.864275+00'),
	('ac5e61ca-6d40-44a3-b48d-bb0c7b59a1d6', 'Advait Singh', '100101', 'dd4092c2-2030-4e90-8526-a6c9d864c0fb', 3, '2024-04-04 17:07:08.864275+00', '2024-04-04 17:07:08.864275+00'),
	('4e9fc208-3b5e-4b07-af20-7bc7737388a2', 'Diya Gupta', '100102', 'dd4092c2-2030-4e90-8526-a6c9d864c0fb', 4, '2024-04-04 17:07:08.864275+00', '2024-04-04 17:07:08.864275+00'),
	('88cb9d88-36b5-4081-8fd9-c0ea186edbc3', 'Ishaan Sharma', '100103', 'dd4092c2-2030-4e90-8526-a6c9d864c0fb', 5, '2024-04-04 17:07:08.864275+00', '2024-04-04 17:07:08.864275+00'),
	('ebc5b83f-7c49-47da-87e2-be5fa7011694', 'Kavya Mishra', '100104', 'dd4092c2-2030-4e90-8526-a6c9d864c0fb', 6, '2024-04-04 17:07:08.864275+00', '2024-04-04 17:07:08.864275+00'),
	('f55a008c-7348-460c-9f9d-97b52f92547d', 'Nirav Kumar', '100105', 'dd4092c2-2030-4e90-8526-a6c9d864c0fb', 7, '2024-04-04 17:07:08.864275+00', '2024-04-04 17:07:08.864275+00'),
	('82c78b48-e66c-462f-a93a-5e3c5d13e223', 'Prisha Das', '100106', 'dd4092c2-2030-4e90-8526-a6c9d864c0fb', 8, '2024-04-04 17:07:08.864275+00', '2024-04-04 17:07:08.864275+00'),
	('362e990b-0711-41a3-8d49-1712cd91fa5a', 'Riya Choudhury', '100107', 'dd4092c2-2030-4e90-8526-a6c9d864c0fb', 9, '2024-04-04 17:07:08.864275+00', '2024-04-04 17:07:08.864275+00'),
	('25dde751-20a6-463b-96bc-9fb263018309', 'Siddharth Reddy', '100108', 'dd4092c2-2030-4e90-8526-a6c9d864c0fb', 10, '2024-04-04 17:07:08.864275+00', '2024-04-04 17:07:08.864275+00'),
	('f3ad7c6f-2221-49fa-acc2-56a7bada4b95', 'Tanvi Verma', '100109', 'dd4092c2-2030-4e90-8526-a6c9d864c0fb', 11, '2024-04-04 17:07:08.864275+00', '2024-04-04 17:07:08.864275+00'),
	('4f9ae169-98c3-4c16-a417-0f9c1edb9f6e', 'Vihaan Krishnan', '100110', 'dd4092c2-2030-4e90-8526-a6c9d864c0fb', 12, '2024-04-04 17:07:08.864275+00', '2024-04-04 17:07:08.864275+00'),
	('fed776ca-913e-4d0f-9edc-aafaed7cfbfb', 'Vihaan Kumar', '789123', 'dd4092c2-2030-4e90-8526-a6c9d864c0fb', 13, '2024-04-02 19:40:08.610283+00', '2024-04-02 19:40:08.610283+00');


--
-- Data for Name: attendance_records; Type: TABLE DATA; Schema: public; Owner: postgres
--

INSERT INTO "public"."attendance_records" ("id", "studentId", "classId", "date", "morningStatus", "afternoonStatus", "morningComment", "afternoonComment", "morningAttendanceTakenAt", "afternoonAttendanceTakenAt", "createdAt", "updatedAt") VALUES
	(1, '4677e43f-9558-4e7b-9379-396277277f77', '79b5163d-b31f-4f38-9dd6-e1aebf3591b3', '2024-03-27', 'present', 'present', NULL, NULL, '2024-03-27 08:00:00+00', '2024-03-27 14:00:00+00', '2024-04-02 19:40:08.610283+00', '2024-04-02 19:40:08.610283+00'),
	(2, 'e6bd29c7-d185-4bb3-96fb-25ade3b53be2', 'dd4092c2-2030-4e90-8526-a6c9d864c0fb', '2024-03-27', 'absent', 'present', NULL, NULL, '2024-03-27 08:00:00+00', '2024-03-27 14:00:00+00', '2024-04-02 19:40:08.610283+00', '2024-04-02 19:40:08.610283+00'),
	(3, '3fbce51c-8154-41f7-a06e-5ef8ab13af3a', 'af3bd909-e77b-4be8-92dc-c78a23f2a353', '2024-03-27', 'on-leave', 'on-leave', NULL, NULL, '2024-03-27 08:00:00+00', '2024-03-27 14:00:00+00', '2024-04-02 19:40:08.610283+00', '2024-04-02 19:40:08.610283+00'),
	(4, 'dbf67af7-4135-4aaa-bb61-1f41048db99e', '95bbbbc8-7bff-4837-be63-ea13d2f86143', '2024-03-27', 'present', 'absent', NULL, NULL, '2024-03-27 08:00:00+00', '2024-03-27 14:00:00+00', '2024-04-02 19:40:08.610283+00', '2024-04-02 19:40:08.610283+00'),
	(5, '28e7d8d6-a322-45c6-bc6d-180718862885', '372615eb-9e87-4c41-a209-30969bbb9696', '2024-03-27', 'present', 'present', NULL, NULL, '2024-03-27 08:00:00+00', '2024-03-27 14:00:00+00', '2024-04-02 19:40:08.610283+00', '2024-04-02 19:40:08.610283+00'),
	(10, '4677e43f-9558-4e7b-9379-396277277f77', 'dd4092c2-2030-4e90-8526-a6c9d864c0fb', '2024-04-02', 'present', NULL, NULL, NULL, '2024-04-02 19:59:48.006+00', NULL, '2024-04-02 19:59:48.243403+00', '2024-04-02 19:59:48.243403+00'),
	(11, '3fbce51c-8154-41f7-a06e-5ef8ab13af3a', 'dd4092c2-2030-4e90-8526-a6c9d864c0fb', '2024-04-02', 'present', NULL, NULL, NULL, '2024-04-02 20:02:13.885+00', NULL, '2024-04-02 20:02:14.380573+00', '2024-04-02 20:02:14.380573+00'),
	(9, '28e7d8d6-a322-45c6-bc6d-180718862885', 'dd4092c2-2030-4e90-8526-a6c9d864c0fb', '2024-04-02', 'present', NULL, NULL, NULL, '2024-04-02 20:10:12.288+00', NULL, '2024-04-02 19:42:35.910432+00', '2024-04-02 19:42:35.910432+00'),
	(8, 'e6bd29c7-d185-4bb3-96fb-25ade3b53be2', 'dd4092c2-2030-4e90-8526-a6c9d864c0fb', '2024-04-02', 'present', NULL, NULL, NULL, '2024-04-02 20:10:12.287+00', NULL, '2024-04-02 19:42:22.903749+00', '2024-04-02 19:42:22.903749+00'),
	(31, '28e7d8d6-a322-45c6-bc6d-180718862885', '372615eb-9e87-4c41-a209-30969bbb9696', '2024-04-03', 'present', NULL, NULL, NULL, '2024-04-03 17:33:49.836+00', NULL, '2024-04-03 17:33:34.599602+00', '2024-04-03 17:33:34.599602+00'),
	(32, 'f881721b-ee75-435d-8bd3-2867055a5e8d', '372615eb-9e87-4c41-a209-30969bbb9696', '2024-04-03', 'present', NULL, NULL, NULL, '2024-04-03 17:44:16.201+00', NULL, '2024-04-03 17:44:04.586633+00', '2024-04-03 17:44:04.586633+00'),
	(33, '28e7d8d6-a322-45c6-bc6d-180718862885', '372615eb-9e87-4c41-a209-30969bbb9696', '2024-04-04', 'absent', NULL, NULL, NULL, '2024-04-04 10:55:35.975+00', NULL, '2024-04-04 10:55:36.494566+00', '2024-04-04 10:55:36.494566+00'),
	(34, 'f881721b-ee75-435d-8bd3-2867055a5e8d', '372615eb-9e87-4c41-a209-30969bbb9696', '2024-04-04', 'absent', NULL, NULL, NULL, '2024-04-04 12:40:41.075+00', NULL, '2024-04-04 12:31:37.398221+00', '2024-04-04 12:31:37.398221+00'),
	(36, '7e48c199-9fd2-4b8b-8e23-743e7f17d1c4', '372615eb-9e87-4c41-a209-30969bbb9696', '2024-04-04', 'present', NULL, NULL, NULL, '2024-04-04 19:32:07.692+00', NULL, '2024-04-04 19:32:08.257802+00', '2024-04-04 19:32:08.257802+00'),
	(37, '3d00b2f0-c34d-4e72-b45b-87549903658e', '0272ddba-6605-4c7e-b6b3-9ce6cc7f882a', '2024-04-04', 'present', NULL, NULL, NULL, '2024-04-04 21:46:53.38+00', NULL, '2024-04-04 21:46:53.632809+00', '2024-04-04 21:46:53.632809+00'),
	(38, '508a04ce-8b6c-40c5-b038-20d5e3986c0d', '0272ddba-6605-4c7e-b6b3-9ce6cc7f882a', '2024-04-04', 'on-leave', NULL, NULL, NULL, '2024-04-04 21:46:53.38+00', NULL, '2024-04-04 21:46:53.645564+00', '2024-04-04 21:46:53.645564+00'),
	(39, '17949f71-52bc-4216-a9e5-8bf6179f2fcd', '0272ddba-6605-4c7e-b6b3-9ce6cc7f882a', '2024-04-04', 'present', NULL, NULL, NULL, '2024-04-04 21:46:53.381+00', NULL, '2024-04-04 21:46:53.651824+00', '2024-04-04 21:46:53.651824+00'),
	(40, '313d9803-3fba-47d2-a453-7baa9ccffa90', '0272ddba-6605-4c7e-b6b3-9ce6cc7f882a', '2024-04-04', 'present', NULL, NULL, NULL, '2024-04-04 21:46:53.38+00', NULL, '2024-04-04 21:46:53.920959+00', '2024-04-04 21:46:53.920959+00'),
	(41, 'd1c26fba-384c-44d4-a9c3-286cfa3c7ef6', '0272ddba-6605-4c7e-b6b3-9ce6cc7f882a', '2024-04-04', 'present', NULL, NULL, NULL, '2024-04-04 21:46:53.38+00', NULL, '2024-04-04 21:46:53.93497+00', '2024-04-04 21:46:53.93497+00'),
	(42, '4da4664a-2ad0-4263-bbe6-c6aafeec0852', '0272ddba-6605-4c7e-b6b3-9ce6cc7f882a', '2024-04-04', 'present', NULL, NULL, NULL, '2024-04-04 21:46:53.38+00', NULL, '2024-04-04 21:46:53.938404+00', '2024-04-04 21:46:53.938404+00'),
	(43, '3af1236b-ac79-41af-9f71-482e07ec57f1', '0272ddba-6605-4c7e-b6b3-9ce6cc7f882a', '2024-04-04', 'present', NULL, NULL, NULL, '2024-04-04 21:46:53.38+00', NULL, '2024-04-04 21:46:53.944888+00', '2024-04-04 21:46:53.944888+00'),
	(45, '68ccd5b3-291b-4dfb-9621-a69b5d5c2224', '0272ddba-6605-4c7e-b6b3-9ce6cc7f882a', '2024-04-04', 'present', NULL, NULL, NULL, '2024-04-04 21:46:53.38+00', NULL, '2024-04-04 21:46:53.953125+00', '2024-04-04 21:46:53.953125+00'),
	(46, '5ffd1140-2e03-4e18-869f-70de298c81c1', '0272ddba-6605-4c7e-b6b3-9ce6cc7f882a', '2024-04-04', 'absent', NULL, NULL, NULL, '2024-04-04 21:46:53.38+00', NULL, '2024-04-04 21:46:53.955711+00', '2024-04-04 21:46:53.955711+00'),
	(47, '9519a117-5cc5-42b7-b156-6b327ab5eaa1', '0272ddba-6605-4c7e-b6b3-9ce6cc7f882a', '2024-04-04', 'absent', NULL, NULL, NULL, '2024-04-04 21:46:53.381+00', NULL, '2024-04-04 21:46:53.960164+00', '2024-04-04 21:46:53.960164+00'),
	(48, '4da4664a-2ad0-4263-bbe6-c6aafeec0852', '0272ddba-6605-4c7e-b6b3-9ce6cc7f882a', '2024-04-09', 'absent', NULL, NULL, NULL, '2024-04-09 00:54:03.319+00', NULL, '2024-04-09 00:54:04.087915+00', '2024-04-09 00:54:04.087915+00'),
	(49, 'd1c26fba-384c-44d4-a9c3-286cfa3c7ef6', '0272ddba-6605-4c7e-b6b3-9ce6cc7f882a', '2024-04-09', 'absent', NULL, NULL, NULL, '2024-04-09 00:54:03.319+00', NULL, '2024-04-09 00:54:04.104961+00', '2024-04-09 00:54:04.104961+00'),
	(51, '3af1236b-ac79-41af-9f71-482e07ec57f1', '0272ddba-6605-4c7e-b6b3-9ce6cc7f882a', '2024-04-09', 'present', NULL, NULL, NULL, '2024-04-09 00:54:03.318+00', NULL, '2024-04-09 00:54:04.126509+00', '2024-04-09 00:54:04.126509+00'),
	(52, '3d00b2f0-c34d-4e72-b45b-87549903658e', '0272ddba-6605-4c7e-b6b3-9ce6cc7f882a', '2024-04-09', 'absent', NULL, NULL, NULL, '2024-04-09 00:54:03.318+00', NULL, '2024-04-09 00:54:04.126433+00', '2024-04-09 00:54:04.126433+00'),
	(53, '5ffd1140-2e03-4e18-869f-70de298c81c1', '0272ddba-6605-4c7e-b6b3-9ce6cc7f882a', '2024-04-09', 'present', NULL, NULL, NULL, '2024-04-09 00:54:03.319+00', NULL, '2024-04-09 00:54:04.137042+00', '2024-04-09 00:54:04.137042+00'),
	(54, '68ccd5b3-291b-4dfb-9621-a69b5d5c2224', '0272ddba-6605-4c7e-b6b3-9ce6cc7f882a', '2024-04-09', 'present', NULL, NULL, NULL, '2024-04-09 00:54:03.319+00', NULL, '2024-04-09 00:54:04.137526+00', '2024-04-09 00:54:04.137526+00'),
	(57, '313d9803-3fba-47d2-a453-7baa9ccffa90', '0272ddba-6605-4c7e-b6b3-9ce6cc7f882a', '2024-04-09', 'present', NULL, NULL, NULL, '2024-04-09 00:54:03.318+00', NULL, '2024-04-09 00:54:04.164056+00', '2024-04-09 00:54:04.164056+00'),
	(84, '2df26707-a2b6-404b-bad3-b5ea6e7d3040', '5e853fbd-cf47-4b35-b12b-2b8a683c452c', '2024-04-12', 'present', NULL, NULL, NULL, '2024-04-12 15:55:38.892+00', NULL, '2024-04-12 15:55:39.30979+00', '2024-04-12 15:55:39.30979+00'),
	(55, '9519a117-5cc5-42b7-b156-6b327ab5eaa1', '0272ddba-6605-4c7e-b6b3-9ce6cc7f882a', '2024-04-09', 'present', NULL, NULL, NULL, '2024-04-09 19:47:59.053+00', NULL, '2024-04-09 00:54:04.13968+00', '2024-04-09 00:54:04.13968+00'),
	(85, 'a7179424-6ac0-4d8a-a7a0-6f5eb4ad4ec2', '5e853fbd-cf47-4b35-b12b-2b8a683c452c', '2024-04-12', 'present', NULL, NULL, NULL, '2024-04-12 15:55:38.894+00', NULL, '2024-04-12 15:55:39.347293+00', '2024-04-12 15:55:39.347293+00'),
	(56, '17949f71-52bc-4216-a9e5-8bf6179f2fcd', '0272ddba-6605-4c7e-b6b3-9ce6cc7f882a', '2024-04-09', 'present', NULL, NULL, NULL, '2024-04-09 19:47:59.054+00', NULL, '2024-04-09 00:54:04.145707+00', '2024-04-09 00:54:04.145707+00'),
	(50, '508a04ce-8b6c-40c5-b038-20d5e3986c0d', '0272ddba-6605-4c7e-b6b3-9ce6cc7f882a', '2024-04-09', 'present', NULL, NULL, NULL, '2024-04-09 19:47:59.051+00', NULL, '2024-04-09 00:54:04.117296+00', '2024-04-09 00:54:04.117296+00'),
	(58, '4da4664a-2ad0-4263-bbe6-c6aafeec0852', '0272ddba-6605-4c7e-b6b3-9ce6cc7f882a', '2024-04-10', 'present', NULL, NULL, NULL, '2024-04-10 04:26:59.3+00', NULL, '2024-04-10 04:27:00.017126+00', '2024-04-10 04:27:00.017126+00'),
	(59, '3d00b2f0-c34d-4e72-b45b-87549903658e', '0272ddba-6605-4c7e-b6b3-9ce6cc7f882a', '2024-04-10', 'present', NULL, NULL, NULL, '2024-04-10 04:26:59.289+00', NULL, '2024-04-10 04:27:00.077501+00', '2024-04-10 04:27:00.077501+00'),
	(60, 'd1c26fba-384c-44d4-a9c3-286cfa3c7ef6', '0272ddba-6605-4c7e-b6b3-9ce6cc7f882a', '2024-04-10', 'absent', NULL, NULL, NULL, '2024-04-10 04:26:59.297+00', NULL, '2024-04-10 04:27:00.111053+00', '2024-04-10 04:27:00.111053+00'),
	(61, '313d9803-3fba-47d2-a453-7baa9ccffa90', '0272ddba-6605-4c7e-b6b3-9ce6cc7f882a', '2024-04-10', 'absent', NULL, NULL, NULL, '2024-04-10 04:26:59.292+00', NULL, '2024-04-10 04:27:00.120285+00', '2024-04-10 04:27:00.120285+00'),
	(62, '3af1236b-ac79-41af-9f71-482e07ec57f1', '0272ddba-6605-4c7e-b6b3-9ce6cc7f882a', '2024-04-10', 'absent', NULL, NULL, NULL, '2024-04-10 04:26:59.294+00', NULL, '2024-04-10 04:27:00.16051+00', '2024-04-10 04:27:00.16051+00'),
	(63, '5ffd1140-2e03-4e18-869f-70de298c81c1', '0272ddba-6605-4c7e-b6b3-9ce6cc7f882a', '2024-04-10', 'present', NULL, NULL, NULL, '2024-04-10 04:26:59.303+00', NULL, '2024-04-10 04:27:00.22491+00', '2024-04-10 04:27:00.22491+00'),
	(64, '9519a117-5cc5-42b7-b156-6b327ab5eaa1', '0272ddba-6605-4c7e-b6b3-9ce6cc7f882a', '2024-04-10', 'absent', NULL, NULL, NULL, '2024-04-10 04:26:59.307+00', NULL, '2024-04-10 04:27:00.231163+00', '2024-04-10 04:27:00.231163+00'),
	(66, '68ccd5b3-291b-4dfb-9621-a69b5d5c2224', '0272ddba-6605-4c7e-b6b3-9ce6cc7f882a', '2024-04-10', 'present', NULL, NULL, NULL, '2024-04-10 04:26:59.302+00', NULL, '2024-04-10 04:27:00.316067+00', '2024-04-10 04:27:00.316067+00'),
	(68, '17949f71-52bc-4216-a9e5-8bf6179f2fcd', '0272ddba-6605-4c7e-b6b3-9ce6cc7f882a', '2024-04-10', 'present', NULL, NULL, NULL, '2024-04-10 04:26:59.309+00', NULL, '2024-04-10 04:27:00.347463+00', '2024-04-10 04:27:00.347463+00'),
	(65, '508a04ce-8b6c-40c5-b038-20d5e3986c0d', '0272ddba-6605-4c7e-b6b3-9ce6cc7f882a', '2024-04-10', 'absent', NULL, NULL, NULL, '2024-04-10 04:32:20.607+00', NULL, '2024-04-10 04:27:00.314782+00', '2024-04-10 04:27:00.314782+00'),
	(67, 'c280f769-958f-4c31-8f3b-d870878d439f', '0272ddba-6605-4c7e-b6b3-9ce6cc7f882a', '2024-04-10', 'absent', NULL, NULL, NULL, '2024-04-10 14:13:44.167+00', NULL, '2024-04-10 04:27:00.321351+00', '2024-04-10 04:27:00.321351+00'),
	(69, '313d9803-3fba-47d2-a453-7baa9ccffa90', '0272ddba-6605-4c7e-b6b3-9ce6cc7f882a', '2024-04-11', 'on-leave', NULL, NULL, NULL, '2024-04-11 09:58:08.942+00', NULL, '2024-04-11 09:58:10.501304+00', '2024-04-11 09:58:10.501304+00'),
	(71, 'c280f769-958f-4c31-8f3b-d870878d439f', '0272ddba-6605-4c7e-b6b3-9ce6cc7f882a', '2024-04-11', 'present', NULL, NULL, NULL, '2024-04-11 09:58:08.934+00', NULL, '2024-04-11 09:58:10.811402+00', '2024-04-11 09:58:10.811402+00'),
	(86, '40d11229-4ad2-4610-890a-4f053feb6ea2', '5e853fbd-cf47-4b35-b12b-2b8a683c452c', '2024-04-12', 'present', NULL, NULL, NULL, '2024-04-12 15:55:38.896+00', NULL, '2024-04-12 15:55:39.35231+00', '2024-04-12 15:55:39.35231+00'),
	(70, '3d00b2f0-c34d-4e72-b45b-87549903658e', '0272ddba-6605-4c7e-b6b3-9ce6cc7f882a', '2024-04-11', 'on-leave', NULL, NULL, NULL, '2024-04-11 10:41:15.697+00', NULL, '2024-04-11 09:58:10.787736+00', '2024-04-11 09:58:10.787736+00'),
	(72, '47b28427-debc-432b-b99a-12960c793828', '0272ddba-6605-4c7e-b6b3-9ce6cc7f882a', '2024-04-11', 'present', NULL, NULL, NULL, '2024-04-11 11:43:35.898+00', NULL, '2024-04-11 11:43:37.069728+00', '2024-04-11 11:43:37.069728+00'),
	(73, '9219279e-c243-48aa-9d67-7a6390546374', '0272ddba-6605-4c7e-b6b3-9ce6cc7f882a', '2024-04-11', 'present', NULL, NULL, NULL, '2024-04-11 11:43:35.9+00', NULL, '2024-04-11 11:43:37.080241+00', '2024-04-11 11:43:37.080241+00'),
	(74, 'f89d5a8a-577f-46b5-b360-ab7bba6bf15e', '0272ddba-6605-4c7e-b6b3-9ce6cc7f882a', '2024-04-11', 'absent', NULL, NULL, NULL, '2024-04-11 11:43:35.901+00', NULL, '2024-04-11 11:43:37.085097+00', '2024-04-11 11:43:37.085097+00'),
	(75, '0420a964-ab80-4687-92ca-fcd2f20e5db1', '0272ddba-6605-4c7e-b6b3-9ce6cc7f882a', '2024-04-11', 'present', NULL, NULL, NULL, '2024-04-11 11:43:35.9+00', NULL, '2024-04-11 11:43:37.143417+00', '2024-04-11 11:43:37.143417+00'),
	(76, '14bed684-6b1b-4911-8a76-7e7f8a6882ed', '0272ddba-6605-4c7e-b6b3-9ce6cc7f882a', '2024-04-11', 'present', NULL, NULL, NULL, '2024-04-11 11:43:35.899+00', NULL, '2024-04-11 11:43:37.182458+00', '2024-04-11 11:43:37.182458+00'),
	(77, 'a38c8f5d-4792-41ee-80ef-499b4c8ab90b', '0272ddba-6605-4c7e-b6b3-9ce6cc7f882a', '2024-04-11', 'absent', NULL, NULL, NULL, '2024-04-11 11:43:35.902+00', NULL, '2024-04-11 11:43:37.22549+00', '2024-04-11 11:43:37.22549+00'),
	(78, '83c585a2-e741-4f4c-8024-6b111b4da2e5', '0272ddba-6605-4c7e-b6b3-9ce6cc7f882a', '2024-04-11', 'absent', NULL, NULL, NULL, '2024-04-11 11:43:35.903+00', NULL, '2024-04-11 11:43:37.230498+00', '2024-04-11 11:43:37.230498+00'),
	(79, 'f38ed8ba-0a18-4b14-9ec7-aa6151909123', '0272ddba-6605-4c7e-b6b3-9ce6cc7f882a', '2024-04-11', 'absent', NULL, NULL, NULL, '2024-04-11 11:43:35.903+00', NULL, '2024-04-11 11:43:37.273386+00', '2024-04-11 11:43:37.273386+00'),
	(80, '30f0e8f4-482e-4c3d-b3e6-5ff0c0a1910d', '0272ddba-6605-4c7e-b6b3-9ce6cc7f882a', '2024-04-11', 'present', NULL, NULL, NULL, '2024-04-11 11:43:35.901+00', NULL, '2024-04-11 11:43:37.312557+00', '2024-04-11 11:43:37.312557+00'),
	(81, '5090c2ce-1a6b-4d27-8bd7-65612b3637e6', '0272ddba-6605-4c7e-b6b3-9ce6cc7f882a', '2024-04-11', 'absent', NULL, NULL, NULL, '2024-04-11 11:43:35.904+00', NULL, '2024-04-11 11:43:37.350076+00', '2024-04-11 11:43:37.350076+00'),
	(82, '9ab83062-2404-4f78-9a56-4d0e2459476f', '0272ddba-6605-4c7e-b6b3-9ce6cc7f882a', '2024-04-11', 'present', NULL, NULL, NULL, '2024-04-11 11:43:35.898+00', NULL, '2024-04-11 11:43:37.360013+00', '2024-04-11 11:43:37.360013+00'),
	(83, '39697060-b5b7-44a1-901c-e638269b2e54', '0272ddba-6605-4c7e-b6b3-9ce6cc7f882a', '2024-04-11', 'present', NULL, NULL, NULL, '2024-04-11 11:43:35.904+00', NULL, '2024-04-11 11:43:37.419693+00', '2024-04-11 11:43:37.419693+00'),
	(87, 'fe3a1474-bf69-4dbf-8d14-7226c1a68ccb', '5e853fbd-cf47-4b35-b12b-2b8a683c452c', '2024-04-12', 'present', NULL, NULL, NULL, '2024-04-12 15:55:38.895+00', NULL, '2024-04-12 15:55:39.357512+00', '2024-04-12 15:55:39.357512+00'),
	(88, 'c0805d2d-a302-4428-acde-f124b8d86538', '5e853fbd-cf47-4b35-b12b-2b8a683c452c', '2024-04-12', 'present', NULL, NULL, NULL, '2024-04-12 15:55:38.893+00', NULL, '2024-04-12 15:55:39.371158+00', '2024-04-12 15:55:39.371158+00'),
	(89, '1da3ec02-45b0-40eb-9363-321c7652d8ce', '5e853fbd-cf47-4b35-b12b-2b8a683c452c', '2024-04-12', 'present', NULL, NULL, NULL, '2024-04-12 15:55:38.9+00', NULL, '2024-04-12 15:55:39.664346+00', '2024-04-12 15:55:39.664346+00'),
	(90, 'a0cead51-de39-49ae-953a-4696bb942dd5', '5e853fbd-cf47-4b35-b12b-2b8a683c452c', '2024-04-12', 'present', NULL, NULL, NULL, '2024-04-12 15:55:38.899+00', NULL, '2024-04-12 15:55:39.667691+00', '2024-04-12 15:55:39.667691+00'),
	(91, '52a0cba6-71fd-4230-92cf-2509eccd4cc7', '5e853fbd-cf47-4b35-b12b-2b8a683c452c', '2024-04-12', 'present', NULL, NULL, NULL, '2024-04-12 15:55:38.901+00', NULL, '2024-04-12 15:55:39.907443+00', '2024-04-12 15:55:39.907443+00'),
	(93, 'b792de20-b520-47f3-a7b5-11165af51f72', '5e853fbd-cf47-4b35-b12b-2b8a683c452c', '2024-04-12', 'present', NULL, NULL, NULL, '2024-04-12 15:55:38.897+00', NULL, '2024-04-12 15:55:39.976014+00', '2024-04-12 15:55:39.976014+00'),
	(95, 'a2d1cd5c-a4fe-446d-bb77-e9757ed8c947', '5e853fbd-cf47-4b35-b12b-2b8a683c452c', '2024-04-12', 'absent', NULL, NULL, NULL, '2024-04-12 16:12:08.278+00', NULL, '2024-04-12 15:55:40.240655+00', '2024-04-12 15:55:40.240655+00'),
	(92, 'a78439cb-b036-4592-a458-3d4bd065e5db', '5e853fbd-cf47-4b35-b12b-2b8a683c452c', '2024-04-12', 'present', NULL, NULL, NULL, '2024-04-12 15:55:38.899+00', NULL, '2024-04-12 15:55:39.928216+00', '2024-04-12 15:55:39.928216+00'),
	(94, '3c846b40-7213-40b1-9ea8-6f4e300e1eaa', '5e853fbd-cf47-4b35-b12b-2b8a683c452c', '2024-04-12', 'present', NULL, NULL, NULL, '2024-04-12 15:55:38.898+00', NULL, '2024-04-12 15:55:39.980995+00', '2024-04-12 15:55:39.980995+00'),
	(44, 'c280f769-958f-4c31-8f3b-d870878d439f', '0272ddba-6605-4c7e-b6b3-9ce6cc7f882a', '2024-04-13', 'present', NULL, NULL, NULL, '2024-04-04 21:46:53.379+00', NULL, '2024-04-04 21:46:53.945916+00', '2024-04-04 21:46:53.945916+00'),
	(97, 'a2d1cd5c-a4fe-446d-bb77-e9757ed8c947', '5e853fbd-cf47-4b35-b12b-2b8a683c452c', '2024-04-16', 'present', NULL, NULL, NULL, '2024-04-16 11:33:26.683+00', NULL, '2024-04-16 11:33:27.211096+00', '2024-04-16 11:33:27.211096+00'),
	(98, 'c0805d2d-a302-4428-acde-f124b8d86538', '5e853fbd-cf47-4b35-b12b-2b8a683c452c', '2024-04-16', 'present', NULL, NULL, NULL, '2024-04-16 13:00:47.735+00', NULL, '2024-04-16 13:00:49.055111+00', '2024-04-16 13:00:49.055111+00'),
	(102, 'a7179424-6ac0-4d8a-a7a0-6f5eb4ad4ec2', '5e853fbd-cf47-4b35-b12b-2b8a683c452c', '2024-04-16', 'present', NULL, NULL, NULL, '2024-04-16 13:00:47.737+00', NULL, '2024-04-16 13:00:49.085211+00', '2024-04-16 13:00:49.085211+00'),
	(103, '52a0cba6-71fd-4230-92cf-2509eccd4cc7', '5e853fbd-cf47-4b35-b12b-2b8a683c452c', '2024-04-16', 'present', NULL, NULL, NULL, '2024-04-16 13:00:47.743+00', NULL, '2024-04-16 13:00:49.226296+00', '2024-04-16 13:00:49.226296+00'),
	(104, '1da3ec02-45b0-40eb-9363-321c7652d8ce', '5e853fbd-cf47-4b35-b12b-2b8a683c452c', '2024-04-16', 'present', NULL, NULL, NULL, '2024-04-16 13:00:47.742+00', NULL, '2024-04-16 13:00:49.228742+00', '2024-04-16 13:00:49.228742+00'),
	(96, '2df26707-a2b6-404b-bad3-b5ea6e7d3040', '5e853fbd-cf47-4b35-b12b-2b8a683c452c', '2024-04-16', 'present', NULL, NULL, NULL, '2024-04-16 13:00:47.734+00', NULL, '2024-04-16 11:33:26.903368+00', '2024-04-16 11:33:26.903368+00'),
	(100, 'fe3a1474-bf69-4dbf-8d14-7226c1a68ccb', '5e853fbd-cf47-4b35-b12b-2b8a683c452c', '2024-04-16', 'present', NULL, NULL, NULL, '2024-04-16 13:01:36.311+00', NULL, '2024-04-16 13:00:49.080674+00', '2024-04-16 13:00:49.080674+00'),
	(146, '9bbdc27d-25a4-4c61-a056-d5ca31e3f82d', 'af3bd909-e77b-4be8-92dc-c78a23f2a353', '2024-04-29', 'present', NULL, NULL, NULL, '2024-04-29 09:39:08.676+00', NULL, '2024-04-29 09:39:08.823419+00', '2024-04-29 09:39:08.823419+00'),
	(147, '25d7a15d-85d0-4a6a-98b2-fc82b6ef2b22', 'af3bd909-e77b-4be8-92dc-c78a23f2a353', '2024-04-29', 'absent', NULL, NULL, NULL, '2024-04-29 09:39:08.672+00', NULL, '2024-04-29 09:39:08.835909+00', '2024-04-29 09:39:08.835909+00'),
	(148, '47856676-2f70-4e55-b971-6037224df84c', 'af3bd909-e77b-4be8-92dc-c78a23f2a353', '2024-04-29', 'present', NULL, NULL, NULL, '2024-04-29 09:39:08.673+00', NULL, '2024-04-29 09:39:08.84045+00', '2024-04-29 09:39:08.84045+00'),
	(106, '3c846b40-7213-40b1-9ea8-6f4e300e1eaa', '5e853fbd-cf47-4b35-b12b-2b8a683c452c', '2024-04-16', 'absent', NULL, NULL, NULL, '2024-04-16 13:08:42.532+00', NULL, '2024-04-16 13:00:49.318222+00', '2024-04-16 13:00:49.318222+00'),
	(105, 'a78439cb-b036-4592-a458-3d4bd065e5db', '5e853fbd-cf47-4b35-b12b-2b8a683c452c', '2024-04-16', 'present', NULL, NULL, NULL, '2024-04-16 13:08:42.535+00', NULL, '2024-04-16 13:00:49.268056+00', '2024-04-16 13:00:49.268056+00'),
	(101, 'b792de20-b520-47f3-a7b5-11165af51f72', '5e853fbd-cf47-4b35-b12b-2b8a683c452c', '2024-04-16', 'present', NULL, NULL, NULL, '2024-04-16 13:08:42.531+00', NULL, '2024-04-16 13:00:49.082118+00', '2024-04-16 13:00:49.082118+00'),
	(107, 'a0cead51-de39-49ae-953a-4696bb942dd5', '5e853fbd-cf47-4b35-b12b-2b8a683c452c', '2024-04-16', 'present', NULL, NULL, NULL, '2024-04-16 13:08:42.533+00', NULL, '2024-04-16 13:00:49.360641+00', '2024-04-16 13:00:49.360641+00'),
	(99, '40d11229-4ad2-4610-890a-4f053feb6ea2', '5e853fbd-cf47-4b35-b12b-2b8a683c452c', '2024-04-16', 'absent', NULL, NULL, NULL, '2024-04-16 13:08:42.529+00', NULL, '2024-04-16 13:00:49.072496+00', '2024-04-16 13:00:49.072496+00'),
	(113, 'a78439cb-b036-4592-a458-3d4bd065e5db', '5e853fbd-cf47-4b35-b12b-2b8a683c452c', '2024-04-18', 'absent', NULL, NULL, NULL, '2024-04-18 16:23:10.58+00', NULL, '2024-04-18 16:23:12.392592+00', '2024-04-18 16:23:12.392592+00'),
	(114, 'b792de20-b520-47f3-a7b5-11165af51f72', '5e853fbd-cf47-4b35-b12b-2b8a683c452c', '2024-04-18', 'absent', NULL, NULL, NULL, '2024-04-18 16:23:10.579+00', NULL, '2024-04-18 16:23:12.405119+00', '2024-04-18 16:23:12.405119+00'),
	(115, '1da3ec02-45b0-40eb-9363-321c7652d8ce', '5e853fbd-cf47-4b35-b12b-2b8a683c452c', '2024-04-18', 'present', NULL, NULL, NULL, '2024-04-18 16:23:10.58+00', NULL, '2024-04-18 16:23:12.438123+00', '2024-04-18 16:23:12.438123+00'),
	(116, '3c846b40-7213-40b1-9ea8-6f4e300e1eaa', '5e853fbd-cf47-4b35-b12b-2b8a683c452c', '2024-04-18', 'present', NULL, NULL, NULL, '2024-04-18 16:23:10.579+00', NULL, '2024-04-18 16:23:12.475335+00', '2024-04-18 16:23:12.475335+00'),
	(117, 'a0cead51-de39-49ae-953a-4696bb942dd5', '5e853fbd-cf47-4b35-b12b-2b8a683c452c', '2024-04-18', 'absent', NULL, NULL, NULL, '2024-04-18 16:23:10.579+00', NULL, '2024-04-18 16:23:12.486156+00', '2024-04-18 16:23:12.486156+00'),
	(119, '52a0cba6-71fd-4230-92cf-2509eccd4cc7', '5e853fbd-cf47-4b35-b12b-2b8a683c452c', '2024-04-18', 'absent', NULL, NULL, NULL, '2024-04-18 16:23:10.581+00', NULL, '2024-04-18 16:23:12.580494+00', '2024-04-18 16:23:12.580494+00'),
	(149, '7c789f87-f968-441b-bc65-6875d8078dd9', 'af3bd909-e77b-4be8-92dc-c78a23f2a353', '2024-04-29', 'absent', NULL, NULL, NULL, '2024-04-29 09:39:08.674+00', NULL, '2024-04-29 09:39:08.914162+00', '2024-04-29 09:39:08.914162+00'),
	(110, 'c0805d2d-a302-4428-acde-f124b8d86538', '5e853fbd-cf47-4b35-b12b-2b8a683c452c', '2024-04-18', 'present', NULL, NULL, NULL, '2024-04-18 16:23:41.469+00', NULL, '2024-04-18 16:23:12.178676+00', '2024-04-18 16:23:12.178676+00'),
	(108, '40d11229-4ad2-4610-890a-4f053feb6ea2', '5e853fbd-cf47-4b35-b12b-2b8a683c452c', '2024-04-18', 'absent', NULL, NULL, NULL, '2024-04-18 16:24:31.936+00', NULL, '2024-04-18 16:23:12.142577+00', '2024-04-18 16:23:12.142577+00'),
	(109, 'fe3a1474-bf69-4dbf-8d14-7226c1a68ccb', '5e853fbd-cf47-4b35-b12b-2b8a683c452c', '2024-04-18', 'absent', NULL, NULL, NULL, '2024-04-18 16:24:31.935+00', NULL, '2024-04-18 16:23:12.163634+00', '2024-04-18 16:23:12.163634+00'),
	(111, '2df26707-a2b6-404b-bad3-b5ea6e7d3040', '5e853fbd-cf47-4b35-b12b-2b8a683c452c', '2024-04-18', 'absent', NULL, NULL, NULL, '2024-04-18 16:24:31.933+00', NULL, '2024-04-18 16:23:12.188043+00', '2024-04-18 16:23:12.188043+00'),
	(118, 'a2d1cd5c-a4fe-446d-bb77-e9757ed8c947', '5e853fbd-cf47-4b35-b12b-2b8a683c452c', '2024-04-18', 'absent', NULL, NULL, NULL, '2024-04-18 16:24:31.932+00', NULL, '2024-04-18 16:23:12.576023+00', '2024-04-18 16:23:12.576023+00'),
	(112, 'a7179424-6ac0-4d8a-a7a0-6f5eb4ad4ec2', '5e853fbd-cf47-4b35-b12b-2b8a683c452c', '2024-04-18', 'present', NULL, NULL, NULL, '2024-04-18 16:24:31.934+00', NULL, '2024-04-18 16:23:12.187932+00', '2024-04-18 16:23:12.187932+00'),
	(120, '3fbce51c-8154-41f7-a06e-5ef8ab13af3a', 'af3bd909-e77b-4be8-92dc-c78a23f2a353', '2024-04-25', 'present', NULL, NULL, NULL, '2024-04-25 10:32:20.076+00', NULL, '2024-04-25 10:32:20.530393+00', '2024-04-25 10:32:20.530393+00'),
	(121, '47856676-2f70-4e55-b971-6037224df84c', 'af3bd909-e77b-4be8-92dc-c78a23f2a353', '2024-04-25', 'absent', NULL, NULL, NULL, '2024-04-25 11:22:29.034+00', NULL, '2024-04-25 11:22:30.742818+00', '2024-04-25 11:22:30.742818+00'),
	(122, '7c789f87-f968-441b-bc65-6875d8078dd9', 'af3bd909-e77b-4be8-92dc-c78a23f2a353', '2024-04-25', 'present', NULL, NULL, NULL, '2024-04-25 11:22:29.035+00', NULL, '2024-04-25 11:22:30.759375+00', '2024-04-25 11:22:30.759375+00'),
	(123, '32f0fd29-6205-43c3-b3d2-39d51d61864e', 'af3bd909-e77b-4be8-92dc-c78a23f2a353', '2024-04-25', 'present', NULL, NULL, NULL, '2024-04-25 11:22:29.036+00', NULL, '2024-04-25 11:22:30.765278+00', '2024-04-25 11:22:30.765278+00'),
	(124, '9bbdc27d-25a4-4c61-a056-d5ca31e3f82d', 'af3bd909-e77b-4be8-92dc-c78a23f2a353', '2024-04-25', 'present', NULL, NULL, NULL, '2024-04-25 11:22:29.035+00', NULL, '2024-04-25 11:22:30.893563+00', '2024-04-25 11:22:30.893563+00'),
	(125, '2454bbff-6075-4991-9232-54f5f4ce9142', 'af3bd909-e77b-4be8-92dc-c78a23f2a353', '2024-04-25', 'present', NULL, NULL, NULL, '2024-04-25 11:22:29.037+00', NULL, '2024-04-25 11:22:30.899966+00', '2024-04-25 11:22:30.899966+00'),
	(126, '96ad80dd-a433-47ee-a54a-44d90108ec3c', 'af3bd909-e77b-4be8-92dc-c78a23f2a353', '2024-04-25', 'present', NULL, NULL, NULL, '2024-04-25 11:22:29.038+00', NULL, '2024-04-25 11:22:30.946022+00', '2024-04-25 11:22:30.946022+00'),
	(127, '14dcdb2c-5a48-4c1e-92b5-caf203fd06d0', 'af3bd909-e77b-4be8-92dc-c78a23f2a353', '2024-04-25', 'present', NULL, NULL, NULL, '2024-04-25 11:22:29.037+00', NULL, '2024-04-25 11:22:30.967544+00', '2024-04-25 11:22:30.967544+00'),
	(128, '8e570c2e-976f-4f89-aa55-f791f94ede8e', 'af3bd909-e77b-4be8-92dc-c78a23f2a353', '2024-04-25', 'present', NULL, NULL, NULL, '2024-04-25 11:22:29.039+00', NULL, '2024-04-25 11:22:31.107987+00', '2024-04-25 11:22:31.107987+00'),
	(129, 'bbdbf785-737e-4965-ad2b-94754e920348', 'af3bd909-e77b-4be8-92dc-c78a23f2a353', '2024-04-25', 'present', NULL, NULL, NULL, '2024-04-25 11:22:29.039+00', NULL, '2024-04-25 11:22:31.110819+00', '2024-04-25 11:22:31.110819+00'),
	(130, '25d7a15d-85d0-4a6a-98b2-fc82b6ef2b22', 'af3bd909-e77b-4be8-92dc-c78a23f2a353', '2024-04-25', 'absent', NULL, NULL, NULL, '2024-04-25 11:22:29.032+00', NULL, '2024-04-25 11:22:31.125011+00', '2024-04-25 11:22:31.125011+00'),
	(131, 'b90588f5-a3fd-4b9c-8405-e98ba63c9b72', 'af3bd909-e77b-4be8-92dc-c78a23f2a353', '2024-04-25', 'present', NULL, NULL, NULL, '2024-04-25 11:22:29.038+00', NULL, '2024-04-25 11:22:31.125043+00', '2024-04-25 11:22:31.125043+00'),
	(132, 'e8a75c28-999e-4c71-b1ef-771bd6f3b569', 'af3bd909-e77b-4be8-92dc-c78a23f2a353', '2024-04-25', 'absent', NULL, NULL, NULL, '2024-04-25 11:22:29.04+00', NULL, '2024-04-25 11:22:31.261405+00', '2024-04-25 11:22:31.261405+00'),
	(133, '25d7a15d-85d0-4a6a-98b2-fc82b6ef2b22', 'af3bd909-e77b-4be8-92dc-c78a23f2a353', '2024-04-27', 'absent', NULL, NULL, NULL, '2024-04-27 13:30:34.279+00', NULL, '2024-04-27 13:30:36.225203+00', '2024-04-27 13:30:36.225203+00'),
	(134, '32f0fd29-6205-43c3-b3d2-39d51d61864e', 'af3bd909-e77b-4be8-92dc-c78a23f2a353', '2024-04-27', 'present', NULL, NULL, NULL, '2024-04-27 13:30:34.283+00', NULL, '2024-04-27 13:30:36.267665+00', '2024-04-27 13:30:36.267665+00'),
	(135, '7c789f87-f968-441b-bc65-6875d8078dd9', 'af3bd909-e77b-4be8-92dc-c78a23f2a353', '2024-04-27', 'present', NULL, NULL, NULL, '2024-04-27 13:30:34.281+00', NULL, '2024-04-27 13:30:36.272043+00', '2024-04-27 13:30:36.272043+00'),
	(136, '47856676-2f70-4e55-b971-6037224df84c', 'af3bd909-e77b-4be8-92dc-c78a23f2a353', '2024-04-27', 'absent', NULL, NULL, NULL, '2024-04-27 13:30:34.28+00', NULL, '2024-04-27 13:30:36.285793+00', '2024-04-27 13:30:36.285793+00'),
	(137, '2454bbff-6075-4991-9232-54f5f4ce9142', 'af3bd909-e77b-4be8-92dc-c78a23f2a353', '2024-04-27', 'present', NULL, NULL, NULL, '2024-04-27 13:30:34.283+00', NULL, '2024-04-27 13:30:36.392857+00', '2024-04-27 13:30:36.392857+00'),
	(138, '9bbdc27d-25a4-4c61-a056-d5ca31e3f82d', 'af3bd909-e77b-4be8-92dc-c78a23f2a353', '2024-04-27', 'present', NULL, NULL, NULL, '2024-04-27 13:30:34.282+00', NULL, '2024-04-27 13:30:36.428718+00', '2024-04-27 13:30:36.428718+00'),
	(139, '14dcdb2c-5a48-4c1e-92b5-caf203fd06d0', 'af3bd909-e77b-4be8-92dc-c78a23f2a353', '2024-04-27', 'present', NULL, NULL, NULL, '2024-04-27 13:30:34.284+00', NULL, '2024-04-27 13:30:36.458947+00', '2024-04-27 13:30:36.458947+00'),
	(140, 'b90588f5-a3fd-4b9c-8405-e98ba63c9b72', 'af3bd909-e77b-4be8-92dc-c78a23f2a353', '2024-04-27', 'present', NULL, NULL, NULL, '2024-04-27 13:30:34.287+00', NULL, '2024-04-27 13:30:36.551411+00', '2024-04-27 13:30:36.551411+00'),
	(141, '96ad80dd-a433-47ee-a54a-44d90108ec3c', 'af3bd909-e77b-4be8-92dc-c78a23f2a353', '2024-04-27', 'present', NULL, NULL, NULL, '2024-04-27 13:30:34.287+00', NULL, '2024-04-27 13:30:36.572934+00', '2024-04-27 13:30:36.572934+00'),
	(142, '8e570c2e-976f-4f89-aa55-f791f94ede8e', 'af3bd909-e77b-4be8-92dc-c78a23f2a353', '2024-04-27', 'present', NULL, NULL, NULL, '2024-04-27 13:30:34.288+00', NULL, '2024-04-27 13:30:36.62756+00', '2024-04-27 13:30:36.62756+00'),
	(143, 'bbdbf785-737e-4965-ad2b-94754e920348', 'af3bd909-e77b-4be8-92dc-c78a23f2a353', '2024-04-27', 'present', NULL, NULL, NULL, '2024-04-27 13:30:34.288+00', NULL, '2024-04-27 13:30:36.71529+00', '2024-04-27 13:30:36.71529+00'),
	(144, 'e8a75c28-999e-4c71-b1ef-771bd6f3b569', 'af3bd909-e77b-4be8-92dc-c78a23f2a353', '2024-04-27', 'present', NULL, NULL, NULL, '2024-04-27 13:30:34.289+00', NULL, '2024-04-27 13:30:36.723485+00', '2024-04-27 13:30:36.723485+00'),
	(145, '3fbce51c-8154-41f7-a06e-5ef8ab13af3a', 'af3bd909-e77b-4be8-92dc-c78a23f2a353', '2024-04-27', 'present', NULL, NULL, NULL, '2024-04-27 13:30:34.278+00', NULL, '2024-04-27 13:30:36.780969+00', '2024-04-27 13:30:36.780969+00'),
	(150, '32f0fd29-6205-43c3-b3d2-39d51d61864e', 'af3bd909-e77b-4be8-92dc-c78a23f2a353', '2024-04-29', 'present', NULL, NULL, NULL, '2024-04-29 09:39:08.677+00', NULL, '2024-04-29 09:39:08.936955+00', '2024-04-29 09:39:08.936955+00'),
	(151, '14dcdb2c-5a48-4c1e-92b5-caf203fd06d0', 'af3bd909-e77b-4be8-92dc-c78a23f2a353', '2024-04-29', 'present', NULL, NULL, NULL, '2024-04-29 09:39:08.679+00', NULL, '2024-04-29 09:39:09.04355+00', '2024-04-29 09:39:09.04355+00'),
	(152, '96ad80dd-a433-47ee-a54a-44d90108ec3c', 'af3bd909-e77b-4be8-92dc-c78a23f2a353', '2024-04-29', 'present', NULL, NULL, NULL, '2024-04-29 09:39:08.68+00', NULL, '2024-04-29 09:39:09.045119+00', '2024-04-29 09:39:09.045119+00'),
	(153, '8e570c2e-976f-4f89-aa55-f791f94ede8e', 'af3bd909-e77b-4be8-92dc-c78a23f2a353', '2024-04-29', 'present', NULL, NULL, NULL, '2024-04-29 09:39:08.682+00', NULL, '2024-04-29 09:39:09.059741+00', '2024-04-29 09:39:09.059741+00'),
	(154, 'b90588f5-a3fd-4b9c-8405-e98ba63c9b72', 'af3bd909-e77b-4be8-92dc-c78a23f2a353', '2024-04-29', 'present', NULL, NULL, NULL, '2024-04-29 09:39:08.681+00', NULL, '2024-04-29 09:39:09.068807+00', '2024-04-29 09:39:09.068807+00'),
	(155, '2454bbff-6075-4991-9232-54f5f4ce9142', 'af3bd909-e77b-4be8-92dc-c78a23f2a353', '2024-04-29', 'present', NULL, NULL, NULL, '2024-04-29 09:39:08.678+00', NULL, '2024-04-29 09:39:09.147066+00', '2024-04-29 09:39:09.147066+00'),
	(156, 'bbdbf785-737e-4965-ad2b-94754e920348', 'af3bd909-e77b-4be8-92dc-c78a23f2a353', '2024-04-29', 'absent', NULL, NULL, NULL, '2024-04-29 09:39:08.683+00', NULL, '2024-04-29 09:39:09.157502+00', '2024-04-29 09:39:09.157502+00'),
	(157, 'e8a75c28-999e-4c71-b1ef-771bd6f3b569', 'af3bd909-e77b-4be8-92dc-c78a23f2a353', '2024-04-29', 'present', NULL, NULL, NULL, '2024-04-29 09:39:08.683+00', NULL, '2024-04-29 09:39:09.16493+00', '2024-04-29 09:39:09.16493+00'),
	(158, '3fbce51c-8154-41f7-a06e-5ef8ab13af3a', 'af3bd909-e77b-4be8-92dc-c78a23f2a353', '2024-04-29', 'present', NULL, NULL, NULL, '2024-04-29 09:39:08.671+00', NULL, '2024-04-29 09:39:09.216871+00', '2024-04-29 09:39:09.216871+00'),
	(160, '9bbdc27d-25a4-4c61-a056-d5ca31e3f82d', 'af3bd909-e77b-4be8-92dc-c78a23f2a353', '2024-05-01', 'present', NULL, NULL, NULL, '2024-05-01 03:59:40.475+00', NULL, '2024-05-01 03:59:40.779375+00', '2024-05-01 03:59:40.779375+00'),
	(159, '7c789f87-f968-441b-bc65-6875d8078dd9', 'af3bd909-e77b-4be8-92dc-c78a23f2a353', '2024-05-01', 'present', NULL, NULL, NULL, '2024-05-01 03:59:40.475+00', NULL, '2024-05-01 03:59:40.781732+00', '2024-05-01 03:59:40.781732+00'),
	(161, '32f0fd29-6205-43c3-b3d2-39d51d61864e', 'af3bd909-e77b-4be8-92dc-c78a23f2a353', '2024-05-01', 'present', NULL, NULL, NULL, '2024-05-01 03:59:40.476+00', NULL, '2024-05-01 03:59:40.797194+00', '2024-05-01 03:59:40.797194+00'),
	(162, '47856676-2f70-4e55-b971-6037224df84c', 'af3bd909-e77b-4be8-92dc-c78a23f2a353', '2024-05-01', 'absent', NULL, NULL, NULL, '2024-05-01 03:59:40.474+00', NULL, '2024-05-01 03:59:40.861536+00', '2024-05-01 03:59:40.861536+00'),
	(166, '96ad80dd-a433-47ee-a54a-44d90108ec3c', 'af3bd909-e77b-4be8-92dc-c78a23f2a353', '2024-05-01', 'present', NULL, NULL, NULL, '2024-05-01 03:59:40.477+00', NULL, '2024-05-01 03:59:40.927172+00', '2024-05-01 03:59:40.927172+00'),
	(169, 'bbdbf785-737e-4965-ad2b-94754e920348', 'af3bd909-e77b-4be8-92dc-c78a23f2a353', '2024-05-01', 'present', NULL, NULL, NULL, '2024-05-01 03:59:40.479+00', NULL, '2024-05-01 03:59:40.9863+00', '2024-05-01 03:59:40.9863+00'),
	(163, '25d7a15d-85d0-4a6a-98b2-fc82b6ef2b22', 'af3bd909-e77b-4be8-92dc-c78a23f2a353', '2024-05-01', 'present', NULL, NULL, NULL, '2024-05-01 03:59:40.474+00', NULL, '2024-05-01 03:59:40.865072+00', '2024-05-01 03:59:40.865072+00'),
	(165, '14dcdb2c-5a48-4c1e-92b5-caf203fd06d0', 'af3bd909-e77b-4be8-92dc-c78a23f2a353', '2024-05-01', 'present', NULL, NULL, NULL, '2024-05-01 03:59:40.477+00', NULL, '2024-05-01 03:59:40.88117+00', '2024-05-01 03:59:40.88117+00'),
	(168, 'b90588f5-a3fd-4b9c-8405-e98ba63c9b72', 'af3bd909-e77b-4be8-92dc-c78a23f2a353', '2024-05-01', 'absent', NULL, NULL, NULL, '2024-05-01 03:59:40.478+00', NULL, '2024-05-01 03:59:40.955599+00', '2024-05-01 03:59:40.955599+00'),
	(171, '3fbce51c-8154-41f7-a06e-5ef8ab13af3a', 'af3bd909-e77b-4be8-92dc-c78a23f2a353', '2024-05-01', 'present', NULL, NULL, NULL, '2024-05-01 03:59:40.473+00', NULL, '2024-05-01 03:59:41.110017+00', '2024-05-01 03:59:41.110017+00'),
	(164, '2454bbff-6075-4991-9232-54f5f4ce9142', 'af3bd909-e77b-4be8-92dc-c78a23f2a353', '2024-05-01', 'present', NULL, NULL, NULL, '2024-05-01 03:59:40.477+00', NULL, '2024-05-01 03:59:40.877885+00', '2024-05-01 03:59:40.877885+00'),
	(167, '8e570c2e-976f-4f89-aa55-f791f94ede8e', 'af3bd909-e77b-4be8-92dc-c78a23f2a353', '2024-05-01', 'present', NULL, NULL, NULL, '2024-05-01 03:59:40.478+00', NULL, '2024-05-01 03:59:40.951581+00', '2024-05-01 03:59:40.951581+00'),
	(170, 'e8a75c28-999e-4c71-b1ef-771bd6f3b569', 'af3bd909-e77b-4be8-92dc-c78a23f2a353', '2024-05-01', 'present', NULL, NULL, NULL, '2024-05-01 03:59:40.479+00', NULL, '2024-05-01 03:59:41.006635+00', '2024-05-01 03:59:41.006635+00'),
	(172, '25d7a15d-85d0-4a6a-98b2-fc82b6ef2b22', 'af3bd909-e77b-4be8-92dc-c78a23f2a353', '2024-05-04', 'absent', NULL, NULL, NULL, '2024-05-04 07:32:51.035+00', NULL, '2024-05-04 07:32:51.366767+00', '2024-05-04 07:32:51.366767+00'),
	(173, '3fbce51c-8154-41f7-a06e-5ef8ab13af3a', 'af3bd909-e77b-4be8-92dc-c78a23f2a353', '2024-05-04', 'present', NULL, NULL, NULL, '2024-05-04 07:32:51.034+00', NULL, '2024-05-04 07:32:51.384261+00', '2024-05-04 07:32:51.384261+00'),
	(174, '2454bbff-6075-4991-9232-54f5f4ce9142', 'af3bd909-e77b-4be8-92dc-c78a23f2a353', '2024-05-04', 'present', NULL, NULL, NULL, '2024-05-04 07:32:51.035+00', NULL, '2024-05-04 07:32:51.385137+00', '2024-05-04 07:32:51.385137+00'),
	(175, 'bbdbf785-737e-4965-ad2b-94754e920348', 'af3bd909-e77b-4be8-92dc-c78a23f2a353', '2024-05-04', 'present', NULL, NULL, NULL, '2024-05-04 07:32:51.036+00', NULL, '2024-05-04 07:32:51.398062+00', '2024-05-04 07:32:51.398062+00'),
	(176, '14dcdb2c-5a48-4c1e-92b5-caf203fd06d0', 'af3bd909-e77b-4be8-92dc-c78a23f2a353', '2024-05-04', 'present', NULL, NULL, NULL, '2024-05-04 07:32:51.036+00', NULL, '2024-05-04 07:32:51.457037+00', '2024-05-04 07:32:51.457037+00'),
	(177, '9bbdc27d-25a4-4c61-a056-d5ca31e3f82d', 'af3bd909-e77b-4be8-92dc-c78a23f2a353', '2024-05-04', 'present', NULL, NULL, NULL, '2024-05-04 07:32:51.035+00', NULL, '2024-05-04 07:32:51.458875+00', '2024-05-04 07:32:51.458875+00'),
	(178, 'e8a75c28-999e-4c71-b1ef-771bd6f3b569', 'af3bd909-e77b-4be8-92dc-c78a23f2a353', '2024-05-04', 'absent', NULL, NULL, NULL, '2024-05-04 07:32:51.036+00', NULL, '2024-05-04 07:32:51.461571+00', '2024-05-04 07:32:51.461571+00'),
	(179, '47856676-2f70-4e55-b971-6037224df84c', 'af3bd909-e77b-4be8-92dc-c78a23f2a353', '2024-05-04', 'present', NULL, NULL, NULL, '2024-05-04 07:32:51.035+00', NULL, '2024-05-04 07:32:51.462779+00', '2024-05-04 07:32:51.462779+00'),
	(180, '8e570c2e-976f-4f89-aa55-f791f94ede8e', 'af3bd909-e77b-4be8-92dc-c78a23f2a353', '2024-05-04', 'present', NULL, NULL, NULL, '2024-05-04 07:32:51.036+00', NULL, '2024-05-04 07:32:51.470801+00', '2024-05-04 07:32:51.470801+00'),
	(181, '32f0fd29-6205-43c3-b3d2-39d51d61864e', 'af3bd909-e77b-4be8-92dc-c78a23f2a353', '2024-05-04', 'absent', NULL, NULL, NULL, '2024-05-04 07:32:51.035+00', NULL, '2024-05-04 07:32:51.471306+00', '2024-05-04 07:32:51.471306+00'),
	(182, '7c789f87-f968-441b-bc65-6875d8078dd9', 'af3bd909-e77b-4be8-92dc-c78a23f2a353', '2024-05-04', 'present', NULL, NULL, NULL, '2024-05-04 07:32:51.035+00', NULL, '2024-05-04 07:32:51.47367+00', '2024-05-04 07:32:51.47367+00'),
	(183, 'b90588f5-a3fd-4b9c-8405-e98ba63c9b72', 'af3bd909-e77b-4be8-92dc-c78a23f2a353', '2024-05-04', 'present', NULL, NULL, NULL, '2024-05-04 07:32:51.036+00', NULL, '2024-05-04 07:32:51.475686+00', '2024-05-04 07:32:51.475686+00'),
	(184, '96ad80dd-a433-47ee-a54a-44d90108ec3c', 'af3bd909-e77b-4be8-92dc-c78a23f2a353', '2024-05-04', 'present', NULL, NULL, NULL, '2024-05-04 07:32:51.036+00', NULL, '2024-05-04 07:32:51.48182+00', '2024-05-04 07:32:51.48182+00');


--
-- Data for Name: attendance_reports; Type: TABLE DATA; Schema: public; Owner: postgres
--



--
-- Data for Name: roles; Type: TABLE DATA; Schema: rbac; Owner: postgres
--

INSERT INTO "rbac"."roles" ("id", "created_at", "role") VALUES
	(1, '2024-05-10 02:12:15.32298+00', 'admin'),
	(2, '2024-05-10 02:12:21.665066+00', 'teacher'),
	(3, '2024-05-10 02:12:26.82774+00', 'staff'),
	(4, '2024-05-10 02:12:32.163359+00', 'student');


--
-- Data for Name: user_role; Type: TABLE DATA; Schema: rbac; Owner: postgres
--



--
-- Data for Name: buckets; Type: TABLE DATA; Schema: storage; Owner: supabase_storage_admin
--



--
-- Data for Name: objects; Type: TABLE DATA; Schema: storage; Owner: supabase_storage_admin
--



--
-- Data for Name: s3_multipart_uploads; Type: TABLE DATA; Schema: storage; Owner: supabase_storage_admin
--



--
-- Data for Name: s3_multipart_uploads_parts; Type: TABLE DATA; Schema: storage; Owner: supabase_storage_admin
--



--
-- Data for Name: secrets; Type: TABLE DATA; Schema: vault; Owner: supabase_admin
--



--
-- Name: refresh_tokens_id_seq; Type: SEQUENCE SET; Schema: auth; Owner: supabase_auth_admin
--

SELECT pg_catalog.setval('"auth"."refresh_tokens_id_seq"', 1, false);


--
-- Name: key_key_id_seq; Type: SEQUENCE SET; Schema: pgsodium; Owner: supabase_admin
--

SELECT pg_catalog.setval('"pgsodium"."key_key_id_seq"', 1, false);


--
-- Name: attendance_records_id_seq; Type: SEQUENCE SET; Schema: public; Owner: postgres
--

SELECT pg_catalog.setval('"public"."attendance_records_id_seq"', 184, true);


--
-- Name: roles_id_seq; Type: SEQUENCE SET; Schema: rbac; Owner: postgres
--

SELECT pg_catalog.setval('"rbac"."roles_id_seq"', 4, true);


--
-- PostgreSQL database dump complete
--

RESET ALL;
